family,sha256,total,success,failed,skipped,approx,missing,layer2_executed,layer2_skipped,l1_total,l1_success,l1_brr,l1_coverage_rate,active_asr,success_rate,behavior_match,behavior_match_rate,replay_total,replay_success,replay_failed,replay_skipped,replay_approx,file_total,file_success,file_rate,registry_total,registry_success,registry_rate,network_winsock_total,network_winsock_success,network_winsock_rate,process_total,process_success,process_rate,dll_total,dll_success,dll_rate
agenttesla,0113a0681674a5ce9fc9d80f924a196ffb7471f550fd79f2e49356b7e4e76cb5,5810,5341,430,37,2,0,5009,35,764,619,81.02,13.15,92.52,91.9,5294,91.1,5810,5341,430,37,2,285,242,84.9,52,29,55.8,0,0,0.0,333,323,97.0,83,15,18.1
agenttesla,03f51ffa9c987630724a451ad872f52bf97bd257ad06b58b6194f5dec29c8f13,7500,6043,1366,68,23,0,2463,61,4969,3590,72.25,66.25,81.31,80.6,5971,79.6,7500,6043,1366,68,23,633,558,88.2,993,466,46.9,4,4,100.0,2669,2447,91.7,589,48,8.1
agenttesla,069c1a556943461282bfbf8411afc6213a359df9ce4894a80881e45a2ba9bc84,11490,8209,3197,64,20,0,2956,59,8470,5508,65.03,73.72,71.84,71.4,8394,73.1,11490,8209,3197,64,20,1415,707,50.0,3052,1702,55.8,0,0,0.0,3244,2917,89.9,665,105,15.8
agenttesla,0a50e4e96fe3948c570214cd5dcdf34b3a2625742eaf15ebdde41d0cd75dea61,7353,5942,1353,42,16,0,2459,39,4852,3609,74.38,65.99,81.27,80.8,5771,78.5,7353,5942,1353,42,16,763,672,88.1,826,455,55.1,0,0,0.0,2670,2375,89.0,519,47,9.1
agenttesla,0b4d7a81cb8f89e34562cd756540d3dd62176c0fa829d7dba9db2c727b92aef0,7497,5925,1506,44,22,0,2417,40,5036,3619,71.86,67.17,79.5,79.0,5846,78.0,7497,5925,1506,44,22,768,673,87.6,1002,476,47.5,0,0,0.0,2653,2356,88.8,525,47,9.0
agenttesla,0f3ded82d31dc7e7692d4b70fa848ec00780412a2a94636ee7084bdfb1e0859a,3988,2995,928,44,21,0,1455,41,2489,1549,62.23,62.41,75.94,75.1,2949,73.9,3988,2995,928,44,21,259,184,71.0,748,418,55.9,0,0,0.0,871,836,96.0,528,45,8.5
agenttesla,104ef2e1223676a6d315da9de43b53286de58d5a390cb6d8c0ef391e7ee23a86,7019,5620,1336,45,18,0,2262,42,4712,3543,75.19,67.13,80.59,80.1,5429,77.3,7019,5620,1336,45,18,743,670,90.2,827,456,55.1,0,0,0.0,2585,2299,88.9,478,52,10.9
agenttesla,109ef5c322e2f5b9624f14914d4e4db3cd2ee7883f9c718c913616eb69277091,11242,10259,926,40,17,0,5860,37,5342,4409,82.53,47.52,91.58,91.3,10220,90.9,11242,10259,926,40,17,254,182,71.7,747,417,55.8,0,0,0.0,3718,3685,99.1,536,56,10.4
agenttesla,11cbc233ef5187f59c9a0e314bb8a9ac4d0a1d4c54cee653b1feaa386fb27cd6,9127,6784,2261,64,18,0,3055,59,6008,3948,65.71,65.83,74.85,74.3,6721,73.6,9127,6784,2261,64,18,589,448,76.1,2841,1644,57.9,0,0,0.0,1872,1722,92.0,609,56,9.2
agenttesla,12384caecb7a336ae37a29e642488b5cc45559c321dad21c4c8fa7868a2ce859,7049,5634,1355,43,17,0,2146,40,4860,3611,74.3,68.95,80.42,79.9,5466,77.5,7049,5634,1355,43,17,761,663,87.1,826,455,55.1,0,0,0.0,2674,2380,89.0,519,48,9.2
agenttesla,14a69b15aa430be2251215742e97972393b529833bdf771c0a4ca67b63bd999a,11167,7211,3852,78,26,0,4833,73,6256,2417,38.63,56.02,65.03,64.6,8418,75.4,11167,7211,3852,78,26,459,363,79.1,3301,265,8.0,0,0,0.0,1692,1620,95.7,678,64,9.4
agenttesla,167aef05154cd6d6aee1e044770d579f5fe29433cf451bb1b7afb8054f214fd5,8492,7106,1327,43,16,0,3000,39,5449,4226,77.56,64.17,84.1,83.7,6935,81.7,8492,7106,1327,43,16,753,665,88.3,820,451,55.0,0,0,0.0,3291,2996,91.0,504,47,9.3
agenttesla,18463a1b8830da861b3a7ce1926abf1c4cf77663b3b8722103a21dfa097f08e8,1339,946,350,41,2,0,378,38,920,692,75.22,68.71,72.88,70.6,928,69.3,1339,946,350,41,2,412,354,85.9,49,28,57.1,0,0,0.0,369,283,76.7,81,19,23.5
agenttesla,21afd28ee430548fc6e79700fee08f4c4a22e4d22fb12ad0bcc72f4df6f25540,7250,5478,1711,43,18,0,2217,40,4990,3388,67.9,68.83,76.01,75.6,5516,76.1,7250,5478,1711,43,18,755,665,88.1,989,244,24.7,0,0,0.0,2653,2365,89.1,513,47,9.2
agenttesla,24c43375fb726dbf16803dd6289d64984d9de0ed10f6bcc84e3f67b8a52c6904,12440,8181,4164,70,25,0,3550,62,8820,4737,53.71,70.9,66.14,65.8,9249,74.3,12440,8181,4164,70,25,943,820,87.0,3235,260,8.0,0,0,0.0,3848,3507,91.1,679,54,8.0
agenttesla,251982ac02a87c546ef1872b1beae28856af968d01bc0783f1034cdd73bba752,6669,3776,1840,96,18,939,1692,93,3942,2422,61.44,59.11,57.45,56.6,4250,63.7,5730,3776,1840,96,18,848,469,55.3,1450,618,42.6,7,7,100.0,1694,1222,72.1,653,53,8.1
agenttesla,2c2dd8836392bcec5f9326faf7c7f222cd2e5ca5538e8f147122f7d405b489d8,4754,3447,1243,41,23,0,2089,39,2624,1477,56.29,55.2,73.14,72.5,3499,73.6,4754,3447,1243,41,23,274,177,64.6,902,417,46.2,0,0,0.0,787,756,96.1,570,56,9.8
agenttesla,32abb7f0c67327f53e15d72bdcfe4697cfd27da618a0d81a00a81491372a8392,8720,7339,1311,48,22,0,3084,42,5588,4372,78.24,64.08,84.63,84.2,7168,82.2,8720,7339,1311,48,22,749,659,88.0,820,451,55.0,0,0,0.0,3421,3135,91.6,502,47,9.4
agenttesla,34bfed7f2450542d851b696685ed0a43438683a54f1756a947119d7258a4adb1,6743,5376,1302,47,18,0,2028,43,4668,3355,71.87,69.23,80.29,79.7,5298,78.6,6743,5376,1302,47,18,627,554,88.4,989,465,47.0,0,0,0.0,2453,2232,91.0,526,44,8.4
agenttesla,379ccf754b70aa15e6d95ce3ff7076eea655b6c833033c3a95e8c6108f3c0f59,11986,9259,2643,67,17,0,3649,61,8270,5715,69.11,69.0,77.68,77.2,9177,76.6,11986,9259,2643,67,17,950,829,87.3,3214,1726,53.7,0,0,0.0,3372,3035,90.0,641,53,8.3
agenttesla,38a9f881eb28d8f75c2c21a9cb4de15e472866346c747c480e8e6ec485982067,6428,5047,1324,41,16,0,1995,39,4392,3063,69.74,68.33,79.02,78.5,5000,77.8,6428,5047,1324,41,16,619,551,89.0,826,247,29.9,0,0,0.0,2374,2164,91.2,501,43,8.6
agenttesla,397046da411436841b9eee2f3edc21f72ba89f0165a29e1fef0cafa6755fcdb0,7420,5864,1494,43,19,0,2393,40,4984,3590,72.03,67.17,79.49,79.0,5784,78.0,7420,5864,1494,43,19,762,686,90.0,1002,476,47.5,0,0,0.0,2612,2319,88.8,531,47,8.9
agenttesla,3aba02f8b1e468adf8164eb3932c56bf1082cad0f3c94a9b315e51ced8526669,12664,9848,2723,71,22,0,3940,63,8653,6008,69.43,68.33,78.2,77.8,9770,77.1,12664,9848,2723,71,22,952,829,87.1,3222,1730,53.7,0,0,0.0,3640,3302,90.7,728,56,7.7
agenttesla,3ac423ef931fe5fb91a9a24bb29536dafa1c9c6e75a496f80ede94ef7a7315c8,4126,2941,1117,47,21,0,1563,42,2516,1558,61.92,60.98,72.1,71.3,2903,70.4,4126,2941,1117,47,21,261,181,69.3,747,417,55.8,0,0,0.0,844,812,96.2,551,55,10.0
agenttesla,3bcc7e2a22fd283ad188e24bd4dd4cc6180f2fc907de59cc3c952b89507bfed0,3927,2931,926,47,23,0,1391,42,2489,1545,62.07,63.38,75.54,74.6,2888,73.5,3927,2931,926,47,23,266,190,71.4,751,420,55.9,0,0,0.0,857,820,95.7,528,45,8.5
agenttesla,43b5cfd70c439d116d7ec6381d664d5c8e7f89f84eb4186675db11bf830ebabb,6902,5645,1193,46,18,0,2033,42,4823,3619,75.04,69.88,82.34,81.8,5486,79.5,6902,5645,1193,46,18,688,609,88.5,868,479,55.2,0,0,0.0,2611,2390,91.5,549,48,8.7
agenttesla,43ce74b24e828ba294f7247f66878e92d965555ffc05a06299e2e4938bae5ccc,61039,59139,1786,93,21,0,23025,87,37921,36522,96.31,62.13,97.04,96.9,58945,96.6,61039,59139,1786,93,21,1050,961,91.5,990,522,52.7,0,0,0.0,30513,30219,99.0,578,58,10.0
agenttesla,4764e72be01dff161ce0a248e78c76787c80e739267b687b922f0e422852b7ba,6605,5465,1080,41,19,0,2131,39,4433,3344,75.43,67.12,83.26,82.7,5287,80.0,6605,5465,1080,41,19,620,542,87.4,823,453,55.0,0,0,0.0,2458,2242,91.2,455,43,9.5
agenttesla,4afc813a3653c61125093a1be3af978e112cdb889971d44810cb1b1b52a5dfb1,11860,9180,2602,61,17,0,3669,57,8130,5724,70.41,68.55,77.8,77.4,9014,76.0,11860,9180,2602,61,17,942,798,84.7,3062,1729,56.5,0,0,0.0,3385,3055,90.3,636,56,8.8
agenttesla,4b9f0cd6e0662d7ae5100f518f3d82a1d0ead105247e12bd375c21680c59198c,4805,3508,1227,51,19,0,1806,47,2948,1711,58.04,61.35,73.79,73.0,3573,74.4,4805,3508,1227,51,19,266,187,70.3,1154,575,49.8,0,0,0.0,845,812,96.1,587,59,10.1
agenttesla,4dfe22e7fe8228f2c9111088b882a2dea5c4e80ee0b1596f7a3447b22a6cf5a2,5945,3418,1744,60,43,680,1447,57,3758,2158,57.42,63.21,58.08,57.5,3898,65.6,5265,3418,1744,60,43,706,341,48.3,1458,627,43.0,7,7,100.0,1304,1011,77.5,723,103,14.2
agenttesla,5165efed390a7710ab87e8256f51ec07dbc9b63e8cf55e104a9230530b813cb0,8010,1344,370,26,13,6257,763,26,964,587,60.89,12.03,16.83,16.8,1312,16.4,1753,1344,370,26,13,308,130,42.2,795,156,19.6,0,0,0.0,2388,238,10.0,590,30,5.1
agenttesla,54b6c23d9bc5f44ceed5946ffc935a88488d30a848c75568b084b9c9287a3cb2,3523,2809,660,36,18,0,1180,33,2307,1638,71.0,65.48,80.56,79.7,2788,79.1,3523,2809,660,36,18,329,266,80.9,455,304,66.8,0,0,0.0,1105,989,89.5,361,37,10.2
agenttesla,54ce67f0ea2eda189fca651201c48e9afab05908c681e02ad3238d3f29d19eba,6765,5399,1304,45,17,0,2081,42,4639,3326,71.7,68.57,80.34,79.8,5320,78.6,6765,5399,1304,45,17,623,559,89.7,991,463,46.7,0,0,0.0,2411,2194,91.0,534,44,8.2
agenttesla,55e3c71c40618505b890607e53a5f800aa154a909f911359b765933a8f2c0eb1,4452,3253,1132,45,22,0,1683,42,2724,1580,58.0,61.19,73.81,73.1,3308,74.3,4452,3253,1132,45,22,266,188,70.7,916,430,46.9,0,0,0.0,882,847,96.0,573,45,7.9
agenttesla,5adbcb5406936cc182300072b9306adda1eb3cf1aac9e87ad211515d19450bd9,6408,5283,1064,43,18,0,2017,39,4348,3274,75.3,67.85,83.0,82.4,5090,79.4,6408,5283,1064,43,18,602,539,89.5,825,455,55.2,0,0,0.0,2378,2167,91.1,460,43,9.3
agenttesla,5c9e41c57fc02e8a6832d92888f838a455e75ce93c833f2b730376a11f0040e9,4593,3533,1003,41,16,0,1865,38,2687,1676,62.37,58.5,77.61,76.9,3490,76.0,4593,3533,1003,41,16,264,193,73.1,980,559,57.0,0,0,0.0,822,790,96.1,525,58,11.0
agenttesla,5db211cc922b9dd6d4b90f93dbd9a7cb0191ab8e02cd39fe058cd69ab4ff02c1,4540,3416,1065,40,19,0,2191,38,2309,1408,60.98,50.86,75.91,75.2,3330,73.3,4540,3416,1065,40,19,254,168,66.1,738,410,55.6,0,0,0.0,742,713,96.1,495,55,11.1
agenttesla,5fb31e60567d6a71966f7232cc9836835ad962bc588960a54c3f5a2f30f49de8,6492,5314,1117,43,18,0,2030,39,4419,3292,74.5,68.07,82.4,81.9,5142,79.2,6492,5314,1117,43,18,610,538,88.2,826,455,55.1,0,0,0.0,2397,2183,91.1,502,45,9.0
agenttesla,6091bd7232ac362de5f7b1618a8e476b146a436b4dea2c188b9403405dd7cba8,6810,4125,1788,67,21,809,2206,63,3728,2164,58.05,54.74,61.17,60.6,4293,63.0,6001,4125,1788,67,21,559,281,50.3,1516,737,48.6,7,7,100.0,1196,1024,85.6,732,52,7.1
agenttesla,65370cfa1e08f458d53cb661cf02054d9324f155a7bbf6505b4da5c2f9492385,6884,5555,1272,42,15,0,2124,39,4718,3559,75.43,68.54,81.19,80.7,5354,77.8,6884,5555,1272,42,15,740,661,89.3,825,455,55.2,0,0,0.0,2619,2333,89.1,457,47,10.3
agenttesla,65ad076012248dc504abe8812d6b4d2128a0aa7c3de0857a0c836e6e33497347,3916,2926,927,42,21,0,1425,39,2449,1510,61.66,62.54,75.53,74.7,2890,73.8,3916,2926,927,42,21,254,181,71.3,747,417,55.8,0,0,0.0,814,783,96.2,543,56,10.3
agenttesla,693c258cb5620f7e8714d4afc7215e2c7dc16872265148341db23b639906eecb,11211,10257,895,40,19,0,5814,38,5357,4451,83.09,47.78,91.82,91.5,10206,91.0,11211,10257,895,40,19,248,181,73.0,748,418,55.9,0,0,0.0,3740,3711,99.2,518,55,10.6
agenttesla,6d6a1f154c6ae1d70ede87fb06b8588807f50b33315fe4dbfbef9126b18f3bc2,4292,3293,928,59,12,0,1498,56,2735,2076,75.9,63.72,77.79,76.7,3218,75.0,4292,3293,928,59,12,480,349,72.7,434,286,65.9,0,0,0.0,1423,1322,92.9,318,50,15.7
agenttesla,6e4fa72cffa8c6cbfac487753758461e7c066e4390954ec1bd4fd26223111fdf,7678,1600,675,32,15,5356,858,32,1432,746,52.09,18.65,20.93,20.8,1720,22.4,2322,1600,675,32,15,733,196,26.7,1121,136,12.1,0,0,0.0,2568,339,13.2,599,33,5.5
agenttesla,72a6a1243fccacf3b1a16574f836c2025eff007b9b1e99da334928d836e94b6b,6484,5330,1099,41,14,0,2015,39,4428,3324,75.07,68.29,82.73,82.2,5150,79.4,6484,5330,1099,41,14,611,546,89.4,825,454,55.0,0,0,0.0,2429,2215,91.2,483,43,8.9
agenttesla,746604779bf099b84b5a237bc6e777b10cd9ca0d02e49e136f4856debbb89d65,4115,1132,360,28,12,2583,553,26,951,583,61.3,23.11,27.7,27.5,1102,26.8,1532,1132,360,28,12,277,125,45.1,750,154,20.5,0,0,0.0,829,242,29.2,596,30,5.0
agenttesla,7acc949f4e01f5ee720f2821349e3a0dcf05a7ac15470a8d7f6ff9aef1d00d2e,7272,5676,1531,43,22,0,2227,40,5002,3577,71.51,68.78,78.52,78.1,5604,77.1,7272,5676,1531,43,22,765,664,86.8,1002,476,47.5,0,0,0.0,2620,2325,88.7,536,48,9.0
agenttesla,7d4d2a289195f4c5ea91de699999037acd8f969b9c562531234c3ff0faedcb2a,7077,4959,2048,43,27,0,1886,39,5148,3215,62.45,72.74,70.5,70.1,5275,74.5,7077,4959,2048,43,27,1138,509,44.7,815,251,30.8,0,0,0.0,2577,2294,89.0,536,92,17.2
agenttesla,8015d0f83bd5b01a372675e35de2a1f181a696b8a9ab337adc9a8e873115637b,5067,3824,1173,50,20,0,2202,45,2815,1743,61.92,55.56,76.22,75.5,3778,74.6,5067,3824,1173,50,20,293,196,66.9,993,569,57.3,0,0,0.0,872,842,96.6,563,59,10.5
agenttesla,8235377c714eb9e58b2db6d39c4091d4b610296e8bfdfae466a8f286e655dabe,6918,5553,1307,42,16,0,2115,39,4761,3555,74.67,68.82,80.76,80.3,5367,77.6,6918,5553,1307,42,16,752,666,88.6,826,455,55.1,0,0,0.0,2618,2324,88.8,487,46,9.4
agenttesla,83510fcd020aab684a9cf85eb78ab7a88573513871bab5dee2367efe09556f67,1794,1087,636,69,2,0,546,66,1179,817,69.3,65.72,63.01,60.6,1052,58.6,1794,1087,636,69,2,569,379,66.6,54,32,59.3,0,0,0.0,452,364,80.5,95,34,35.8
agenttesla,83d3644a239ef9f0353c7387c55f76c1c5aa30eb1d261b5035aff03db365e9f8,7399,1113,353,27,9,5897,549,27,926,569,61.45,12.52,15.1,15.0,1082,14.6,1502,1113,353,27,9,797,126,15.8,854,145,17.0,0,0,0.0,2633,237,9.0,571,30,5.3
agenttesla,84a93af9e18d782e353d1249988ce2fe42208f613fcd1f53287b327a693b9ef1,4915,3774,1088,38,15,0,2407,36,2470,1541,62.39,50.25,77.38,76.8,3709,75.5,4915,3774,1088,38,15,266,176,66.2,738,409,55.4,0,0,0.0,864,832,96.3,514,55,10.7
agenttesla,850ce005298ab95b563a50c0b95618d97bc4696e3fffddf12b06c25bf933bfb0,5201,3977,1162,41,21,0,2646,39,2514,1545,61.46,48.34,77.07,76.5,3932,75.6,5201,3977,1162,41,21,293,192,65.5,766,438,57.2,0,0,0.0,815,786,96.4,550,56,10.2
agenttesla,85b3c9f10a8f1e3aee3d393260f82c7dcf8d23dcd899117f0394f6a9f0fdc7fd,7232,5878,1291,42,21,0,2416,39,4774,3590,75.2,66.01,81.75,81.3,5693,78.7,7232,5878,1291,42,21,752,687,91.4,826,455,55.1,0,0,0.0,2626,2339,89.1,497,49,9.9
agenttesla,88ac7d9f157d80cb2aec269591e6386fc57ddb114d129a439ff66a596baf7f7b,11367,8604,2678,68,17,0,3574,63,7725,5250,67.96,67.96,76.15,75.7,8715,76.7,11367,8604,2678,68,17,984,850,86.4,2521,1142,45.3,0,0,0.0,3451,3114,90.2,663,59,8.9
agenttesla,88f9b8e7a6bed0659b87c3b48f41122f2c1dc4ffd276e88ff468c2b08513ee15,5167,3813,1243,80,31,0,1553,75,3534,2604,73.68,68.4,74.96,73.8,3783,73.2,5167,3813,1243,80,31,720,569,79.0,684,458,67.0,0,0,0.0,1596,1476,92.5,477,53,11.1
agenttesla,8c7fa17fbd493ee5c1c6cfc4fb662e20ff8f5e41c189808a5fc7d666ce625fe5,7282,5710,1511,46,15,0,2199,42,5037,3628,72.03,69.17,78.91,78.4,5626,77.3,7282,5710,1511,46,15,765,673,88.0,989,465,47.0,0,0,0.0,2677,2379,88.9,528,47,8.9
agenttesla,942ef672b6f7e6f67a1d4de06e8c25bdb316a74c27ab4602d0ef01c33c9c5e36,7754,6578,1112,43,21,0,3664,40,4047,2924,72.25,52.19,85.31,84.8,6645,85.7,7754,6578,1112,43,21,257,176,68.5,905,420,46.4,0,0,0.0,2228,2199,98.7,566,55,9.7
agenttesla,97289b7b81716c422ed44dc42d80db0ba56989bff3a879d31a28b935686475bf,7113,5756,1292,43,22,0,2189,39,4881,3694,75.68,68.62,81.41,80.9,5568,78.3,7113,5756,1292,43,22,768,670,87.2,827,455,55.0,0,0,0.0,2736,2447,89.4,459,47,10.2
agenttesla,999b9220114d400040d6db03f6412a38fbd3f29139c314e95697aaa8ed5965f8,12186,7802,4298,66,20,0,3747,60,8373,4275,51.06,68.71,64.37,64.0,8868,72.8,12186,7802,4298,66,20,970,828,85.4,3238,244,7.5,0,0,0.0,3401,3061,90.0,658,55,8.4
agenttesla,9d514d80de58b161140df4a7f543b03a3b38fe3d7374f12849e1b186c219c487,7169,3661,1454,82,21,1951,1721,78,3415,2132,62.43,47.64,51.66,51.1,3856,53.8,5218,3661,1454,82,21,954,320,33.5,1338,712,53.2,8,7,87.5,1453,972,66.9,762,50,6.6
agenttesla,9edefc168186e3a7ea6785affc672f91cbe4f592d4b84c75435866f16eddc82b,12015,9319,2593,81,22,0,4984,77,6950,4584,65.96,57.84,78.09,77.6,9180,76.4,12015,9319,2593,81,22,493,359,72.8,3841,2330,60.7,0,0,0.0,1804,1730,95.9,689,64,9.3
agenttesla,9fb2146b1a2b9c73f6be8e65f8bfd746ddc85c61cb5ac2523c25923a76265119,12624,8005,4528,67,24,0,4110,62,8447,4266,50.5,66.91,63.75,63.4,9092,72.0,12624,8005,4528,67,24,893,775,86.8,3424,252,7.4,0,0,0.0,3355,3088,92.0,668,62,9.3
agenttesla,a01885eaecb0c9f8f63f0cd8d935e374f339c0e42f392885ab765f2b78977a2b,12826,10167,2561,77,21,0,5673,71,7076,4720,66.7,55.17,79.75,79.3,10015,78.1,12826,10167,2561,77,21,501,370,73.9,3864,2376,61.5,0,0,0.0,1880,1807,96.1,706,63,8.9
agenttesla,a2e1d3ac58e834c9a692b6d4637a1663e54fcef7c876ba31401ba1aa76d0df22,9259,6922,2251,66,20,0,3009,61,6184,4035,65.25,66.79,75.3,74.8,6787,73.3,9259,6922,2251,66,20,455,352,77.4,3287,1948,59.3,0,0,0.0,1660,1584,95.4,665,54,8.1
agenttesla,a4d917b6696ddef08d0f4ea5a2dcaa8de85e639684a5f869e353c2c80315e2d7,12804,9895,2820,69,20,0,4238,62,8497,6019,70.84,66.36,77.7,77.3,9646,75.3,12804,9895,2820,69,20,905,748,82.7,3443,2020,58.7,0,0,0.0,3376,3105,92.0,671,62,9.2
agenttesla,a50ff27364591ebbe3589623d88752369ff33f67df2994f70d79177144376cc5,10133,7869,2161,84,19,0,3824,78,6225,4084,65.61,61.43,78.31,77.7,7816,77.1,10133,7869,2161,84,19,435,347,79.8,3465,2061,59.5,0,0,0.0,1581,1519,96.1,630,63,10.0
agenttesla,a65088ee464a48510aa0925bde2269a033a13f0622d751e4c72b8d7cd2ee1396,3740,2898,800,28,14,0,1251,26,2461,1880,76.39,65.8,78.07,77.5,2833,75.7,3740,2898,800,28,14,300,236,78.7,434,286,65.9,0,0,0.0,1345,1253,93.2,311,45,14.5
agenttesla,a9f736db3605228043d1d98f0a3e56d853336d25d06aec27b720c82dac015c57,7143,5651,1430,45,17,0,2247,41,4851,3636,74.95,67.91,79.61,79.1,5468,76.6,7143,5651,1430,45,17,755,669,88.6,825,455,55.2,0,0,0.0,2685,2399,89.3,508,50,9.8
agenttesla,acc56d676d67ab62bebb9226f1689228a8c9bbd1a5855f6ce8dbdf8088c61ac3,10919,8290,2519,76,34,0,4109,69,6734,4334,64.36,61.67,76.45,75.9,8150,74.6,10919,8290,2519,76,34,570,417,73.2,3379,2001,59.2,0,0,0.0,1785,1707,95.6,848,78,9.2
agenttesla,ae50c62b53bbc6a13083d2940285b2fa57ed71a53c3c28dbe867539d50a3bec4,6828,4924,1841,42,21,0,1687,39,5099,3376,66.21,74.68,72.56,72.1,5116,74.9,6828,4924,1841,42,21,1127,508,45.1,815,447,54.8,0,0,0.0,2540,2261,89.0,537,92,17.1
agenttesla,b41d062514aa18a0dd65876a48669545b06c1607a7fc8bb6c2e3f5f89146fad6,9168,5228,3837,75,28,0,2888,65,6205,2376,38.29,67.68,57.49,57.0,6425,70.1,9168,5228,3837,75,28,452,350,77.4,3286,263,8.0,0,0,0.0,1683,1608,95.5,660,52,7.9
agenttesla,b483fa2b04ee2305e50ec070450c43c4feef6d98a30f01aa1f003f11ffad2aa4,7612,6043,1509,44,16,0,2213,40,5355,3959,73.93,70.35,79.85,79.4,5950,78.2,7612,6043,1509,44,16,770,684,88.8,991,463,46.7,0,0,0.0,2993,2693,90.0,515,47,9.1
agenttesla,b5145ccf5ded090001d3a5368ad32b5b4853f1b2153e55beae9ff0ba543e449e,6602,5231,1310,44,17,0,2176,42,4382,3064,69.92,66.37,79.77,79.2,5177,78.4,6602,5231,1310,44,17,620,552,89.0,827,248,30.0,0,0,0.0,2363,2148,90.9,488,46,9.4
agenttesla,b5d3c7a0a47dcfc26d108e8ab87d79a33955bf53c66ceff7f60f309df2ce3353,4203,3170,969,46,18,0,1495,42,2662,1686,63.34,63.34,76.26,75.4,3133,74.5,4203,3170,969,46,18,274,203,74.1,770,419,54.4,0,0,0.0,934,900,96.4,551,48,8.7
agenttesla,b97a932fadd096c350b870e0a0d9865c0c3a0d28f236575509fb349e347c92b4,11523,8652,2787,67,17,0,3183,60,8273,5686,68.73,71.8,75.52,75.1,8572,74.4,11523,8652,2787,67,17,960,821,85.5,3187,1687,52.9,0,0,0.0,3393,3047,89.8,637,55,8.6
agenttesla,bec11b766972a7bb42603a2e6f1452cc5a769779586b17120eaf4299db06fb00,4449,3249,1139,42,19,0,1643,40,2764,1719,62.19,62.13,73.72,73.0,3207,72.1,4449,3249,1139,42,19,314,201,64.0,784,455,58.0,0,0,0.0,904,871,96.3,569,51,9.0
agenttesla,c4d61401b682f67da79981fbf0df579b7e34b94495c9a5c88b4038a2a1df7a5c,11617,8477,3050,66,24,0,2980,59,8571,5633,65.72,73.78,73.39,73.0,8657,74.5,11617,8477,3050,66,24,1405,730,52.0,3057,1717,56.2,0,0,0.0,3316,2989,90.1,677,99,14.6
agenttesla,c7b95632025177e42114517f2fd2d3f00dec812b6d394b3966a13a0ce831629d,33573,32062,1427,61,23,0,2659,50,30853,29530,95.71,91.9,95.67,95.5,31864,94.9,33573,32062,1427,61,23,811,717,88.4,890,480,53.9,0,0,0.0,3887,3591,92.4,558,58,10.4
agenttesla,cb5d2b29667d5d10ef927ecbd99657a4790f86bcd60ca92b3fe2d9601dced902,10030,7759,2182,66,23,0,3707,59,6257,4097,65.48,62.38,77.87,77.4,7626,76.0,10030,7759,2182,66,23,483,383,79.3,3316,1971,59.4,0,0,0.0,1650,1579,95.7,684,62,9.1
agenttesla,ce683b26018a84f023bcb4b52378b88f5fea654c50a42aa136ef47b67898fb40,6872,3190,2180,66,19,1417,1564,63,3825,1695,44.31,55.66,46.87,46.4,3912,56.9,5455,3190,2180,66,19,702,272,38.7,1835,336,18.3,10,7,70.0,1185,971,81.9,743,46,6.2
agenttesla,d975b68c91c59dddb7b6777f6f2f78300ddd9be5c51f483994ea26106839a017,4687,3388,1237,42,20,0,1944,39,2701,1561,57.79,57.63,72.94,72.3,3441,73.4,4687,3388,1237,42,20,270,176,65.2,903,421,46.6,0,0,0.0,862,834,96.8,576,57,9.9
agenttesla,d9e6629d10acc5f2c14986434a8ecf599c025ea5250015cb15dea536f05b61e8,6195,4663,1457,55,20,0,2630,51,3510,2068,58.92,56.66,75.94,75.3,4660,75.2,6195,4663,1457,55,20,334,253,75.7,1342,604,45.0,0,0,0.0,1109,1075,96.9,618,48,7.8
agenttesla,dffd7160962de91f0859e87eba3e6d2ea8cbd3f4ecdc7e27d2db556e027d6173,4452,3225,1162,42,23,0,2077,38,2333,1266,54.26,52.4,73.13,72.4,3302,74.2,4452,3225,1162,42,23,265,171,64.5,738,247,33.5,0,0,0.0,750,722,96.3,492,55,11.2
agenttesla,e33e4865fd5388cb8d3b67d1919d3ec2ee596463012327798fed93a2a282e4bb,6999,5605,1335,42,17,0,2145,39,4812,3588,74.56,68.75,80.57,80.1,5429,77.6,6999,5605,1335,42,17,758,663,87.5,826,455,55.1,0,0,0.0,2643,2356,89.1,505,47,9.3
agenttesla,e77034ca0f5612915367f7d97ba20d7452594622ce20078eee74df276173ef47,13056,9863,3103,70,20,0,4170,63,8816,6056,68.69,67.52,75.95,75.5,9704,74.3,13056,9863,3103,70,20,921,745,80.9,3594,2019,56.2,0,0,0.0,3398,3118,91.8,731,63,8.6
agenttesla,e7e0689ace455992d052b1c39c3edb903bc4477358f4ecb8fb0fff62f8d2561e,8394,6726,1588,59,21,0,4765,56,3570,2141,59.97,42.53,80.7,80.1,6704,79.9,8394,6726,1588,59,21,510,399,78.2,1275,551,43.2,0,0,0.0,1070,1032,96.4,589,50,8.5
agenttesla,eecf01b70476c7cb2eeae32f85b0a1490fb40836ea13d28edebbe2e9b1576948,6929,5375,1495,45,14,0,2110,41,4774,3382,70.84,68.9,78.08,77.6,5314,76.7,6929,5375,1495,45,14,748,670,89.6,823,245,29.8,0,0,0.0,2641,2353,89.1,483,48,9.9
agenttesla,f0b44e01b8b6bc7b64a875fedf0db0865b0d4c787d60742792f0a8e499d71e85,6398,4700,1642,40,16,0,1584,38,4774,3131,65.58,74.62,73.92,73.5,4895,76.5,6398,4700,1642,40,16,1012,405,40.0,815,447,54.8,0,0,0.0,2337,2125,90.9,532,88,16.5
agenttesla,f15efc199baae5de89401024d42aa136fe03c1cfbea1c8eba689a5e832d83289,6761,5409,1291,42,19,0,2095,40,4624,3322,71.84,68.39,80.5,80.0,5326,78.8,6761,5409,1291,42,19,625,549,87.8,989,465,47.0,0,0,0.0,2422,2200,90.8,510,43,8.4
agenttesla,f591f3b46cc1844550906abe587a1d82b96b37bac5621c1937ab8b0552258417,4443,3301,1074,45,23,0,1910,41,2488,1507,60.57,56.0,75.06,74.3,3265,73.5,4443,3301,1074,45,23,277,176,63.5,766,438,57.2,0,0,0.0,798,768,96.2,561,57,10.2
agenttesla,f68067f9115e9ede57c73b7392912980129fd16b51f3f6550f8e086702b65eac,11633,8953,2595,66,19,0,3606,61,7961,5563,69.88,68.43,77.4,77.0,8769,75.4,11633,8953,2595,66,19,958,809,84.4,3057,1700,55.6,0,0,0.0,3241,2917,90.0,605,57,9.4
agenttesla,f680c98c411aa4f05cee596740786e343d48769abc460899218e624f0d7ebca8,11974,9256,2636,67,15,0,3730,60,8177,5743,70.23,68.29,77.74,77.3,9081,75.8,11974,9256,2636,67,15,955,811,84.9,3059,1722,56.3,0,0,0.0,3398,3068,90.3,660,57,8.6
agenttesla,f71a25eba39e485b06a0d11f5dd097540200f52f5f25726b9d61c0272ffdb21e,9892,7685,2116,70,21,0,3789,64,6033,3933,65.19,60.99,78.24,77.7,7568,76.5,9892,7685,2116,70,21,421,329,78.1,3272,1921,58.7,0,0,0.0,1582,1513,95.6,629,61,9.7
agenttesla,f84d789635e636040055b6e95077408820a412d66bb66934112a004ac24d9eba,13514,10280,3147,70,17,0,4289,63,9155,6439,70.33,67.74,76.47,76.1,10098,74.7,13514,10280,3147,70,17,1039,896,86.2,3545,1995,56.3,0,0,0.0,3779,3406,90.1,696,63,9.1
agenttesla,fdb6a85d8a54244ce523286412d18ddefbf2b59e54f59576311d9f54e68a398f,3888,2651,1153,74,10,0,1221,69,2593,1591,61.36,66.69,69.51,68.2,2451,63.0,3888,2651,1153,74,10,216,176,81.5,1125,569,50.6,0,0,0.0,765,747,97.6,408,33,8.1
agenttesla,fe304cb0925bffe7c7314fb8c4bc50c15b82e49c81fe176c8482ea1ed6f51bc8,11841,7556,4196,66,23,0,3503,61,8272,4255,51.44,69.86,64.17,63.8,8603,72.7,11841,7556,4196,66,23,961,824,85.7,3194,253,7.9,0,0,0.0,3377,3040,90.0,641,56,8.7
agenttesla,ff135357a87d1b5f8947dee12439f270b9c3e72693574ca052b114bef0015131,11209,8553,2574,64,18,0,3134,59,8011,5631,70.29,71.47,76.74,76.3,8385,74.8,11209,8553,2574,64,18,946,816,86.3,3051,1705,55.9,0,0,0.0,3310,2976,89.9,608,54,8.9
amadey,005e021990388ca7a500b209505e747e214a319e0a18d23a1dd659bddafcd2bb,236,201,27,8,0,0,115,8,113,90,79.65,47.88,88.16,85.2,201,85.2,236,201,27,8,0,57,53,93.0,19,13,68.4,0,0,0.0,18,16,88.9,15,4,26.7
amadey,04276d1d19ff56d14949538f31eb75aa8f198173622c466329df34cdbb251be3,3035,2545,482,8,0,0,1514,7,1513,1061,70.13,49.85,84.08,83.9,2154,71.0,3035,2545,482,8,0,58,46,79.3,1110,711,64.1,0,0,0.0,274,270,98.5,65,29,44.6
amadey,074dfa8168d74a7af03ded4012ec5fb0d12a03280903bd5c7fde7f842172670e,838,660,170,8,0,0,424,7,406,249,61.33,48.45,79.52,78.8,428,51.1,838,660,170,8,0,50,39,78.0,221,96,43.4,0,0,0.0,99,97,98.0,31,12,38.7
amadey,0807e330ce25d8615d3f69f10c2c3f9eaafd2a16a368168526b90fc95c759e04,4280,4079,171,30,0,0,3533,25,717,584,81.45,16.75,95.98,95.3,3740,87.4,4280,4079,171,30,0,151,136,90.1,172,80,46.5,0,0,0.0,351,349,99.4,37,14,37.8
amadey,089ff6d60829c62833435f066f6247d7ad839a61e4c18614d1b847ef3bb7aead,47135,40745,6170,220,0,0,19753,79,27162,21685,79.84,57.63,86.85,86.4,36148,76.7,47135,40745,6170,220,0,1333,1114,83.6,12276,8848,72.1,0,0,0.0,10513,10437,99.3,1669,490,29.4
amadey,098e4dd332b0246f8a1aaa87b1f9fb14769ef457466d2e823129c32d31e41c2c,23882,20975,2697,210,0,0,9174,7,14498,12126,83.64,60.71,88.61,87.8,19259,80.6,23882,20975,2697,210,0,482,377,78.2,4946,3657,73.9,0,0,0.0,7293,7287,99.9,953,267,28.0
amadey,099a27fe88e3310ca62f14be7ebaacee132863c630f8702c7dce1d0cb76796b2,232,197,27,8,0,0,115,8,109,85,77.98,46.98,87.95,84.9,197,84.9,232,197,27,8,0,53,49,92.5,19,12,63.2,0,0,0.0,18,16,88.9,15,4,26.7
amadey,0dd3f8b25459c4e5e8eabfe91f24381813035cf7c71837ccb6e5f6899e48c27f,228,193,27,8,0,0,115,8,105,81,77.14,46.05,87.73,84.6,193,84.6,228,193,27,8,0,49,45,91.8,19,12,63.2,0,0,0.0,18,16,88.9,15,4,26.7
amadey,0f6ce02639d4d4caede8c3432a529ff995f9d50cbfec335bbe9dc19b8f5c9ddf,40533,36124,4284,125,0,0,18232,24,22176,18549,83.64,54.71,89.4,89.1,30037,74.1,40533,36124,4284,125,0,1089,924,84.8,8753,7001,80.0,0,0,0.0,9198,9190,99.9,1415,497,35.1
amadey,0fc2f0e5ce9fa677070a9076e1da2fb4021828904f464256bed54e954b64741b,29102,24740,4223,139,0,0,10893,74,18070,14177,78.46,62.09,85.42,85.0,22871,78.6,29102,24740,4223,139,0,725,550,75.9,7550,4907,65.0,0,0,0.0,8121,8049,99.1,915,216,23.6
amadey,13cad833006158f4aba033ea75b6d95d03e640f1f0aa401651db5f7b370c2258,10047,7180,2806,61,0,0,3687,58,6299,3539,56.18,62.7,71.9,71.5,6961,69.3,10047,7180,2806,61,0,321,278,86.6,4131,1751,42.4,0,0,0.0,1492,1419,95.1,270,22,8.1
amadey,157a06a3b9ebe6381a43ffa118644de19a736450bfb741077a460eee1176ba6b,12379,11531,822,26,0,0,9013,12,3340,2710,81.14,26.98,93.35,93.1,11113,89.8,12379,11531,822,26,0,345,325,94.2,1415,915,64.7,0,0,0.0,1422,1392,97.9,123,46,37.4
amadey,16b83c892688e1869a75fcf88075e1a7a0983c284c41a7ff721e23cb6b9c9f86,221,185,28,8,0,0,115,8,98,74,75.51,44.34,86.85,83.7,186,84.2,221,185,28,8,0,42,38,90.5,19,12,63.2,0,0,0.0,18,16,88.9,15,4,26.7
amadey,18c8165d103dc6165f8686dd058b302dfdd6b2be7e71da54c23b070fec266e8d,15334,13078,2207,49,0,0,6017,13,9268,7282,78.57,60.44,85.56,85.3,12262,80.0,15334,13078,2207,49,0,435,366,84.1,4190,2715,64.8,0,0,0.0,3653,3635,99.5,277,89,32.1
amadey,18ce05ff4a275f75a627fd0ece6de64a5166478f26e2a652b416144f39882b8c,12551,9837,2648,66,0,0,5214,59,7271,4675,64.3,57.93,78.79,78.4,9242,73.6,12551,9837,2648,66,0,354,308,87.0,4497,2345,52.1,0,0,0.0,1982,1911,96.4,316,18,5.7
amadey,18fd6b193be1d5416a3188f5d9e4047cca719fa067d7d0169cf2df5c7fed54c0,7475,7081,365,29,0,0,5198,25,2248,1902,84.61,30.07,95.1,94.7,7023,94.0,7475,7081,365,29,0,656,642,97.9,417,165,39.6,0,0,0.0,1084,1072,98.9,76,8,10.5
amadey,1984500308101a791019acb978621a31530f8564f4afcfbe43fa22cb68dfd117,4575,3871,688,16,0,0,2248,15,2311,1682,72.78,50.51,84.91,84.6,3371,73.7,4575,3871,688,16,0,82,67,81.7,1473,941,63.9,0,0,0.0,611,603,98.7,117,46,39.3
amadey,1a2da7655be305e21f3b54177f438edc6d5e97d527b98712d41dab199bbbd997,951,779,164,8,0,0,422,7,521,368,70.63,54.78,82.61,81.9,550,57.8,951,779,164,8,0,54,43,79.6,214,92,43.0,0,0,0.0,219,217,99.1,29,11,37.9
amadey,1b26ae68f4d9a6a0bfd1a8c92489c6dcdb1a4e6ca483442c2b307329cdfb9345,4289,3849,427,13,0,0,2521,7,1755,1343,76.52,40.92,90.01,89.7,3633,84.7,4289,3849,427,13,0,113,101,89.4,1005,635,63.2,0,0,0.0,581,576,99.1,35,11,31.4
amadey,23249a373a56f69eb857e667b57f810ae9f984e5ff6f52021a97961f36a4f961,3608,2958,641,9,0,0,1841,8,1758,1205,68.54,48.73,82.19,82.0,2527,70.0,3608,2958,641,9,0,51,42,82.4,1390,947,68.1,0,0,0.0,125,123,98.4,184,87,47.3
amadey,2abe0fecc0a8b88610b508c3cc81991b498a53860585a85af1334c2799fe2b53,235,201,28,6,0,0,115,6,114,90,78.95,48.51,87.77,85.5,202,86.0,235,201,28,6,0,58,54,93.1,19,12,63.2,0,0,0.0,18,16,88.9,15,4,26.7
amadey,2b4af3c6426fdd299b6be20de1141f695f8feca2f18b3e28f37f5884ebf29e5e,1177,1023,146,8,0,0,634,7,535,399,74.58,45.45,87.51,86.9,710,60.3,1177,1023,146,8,0,70,45,64.3,182,91,50.0,0,0,0.0,207,205,99.0,27,9,33.3
amadey,2b6afe34d17351c5b56a703f9b9373e14944cbaef48efaeaab00df7f237b1040,11975,10270,1686,19,0,0,4690,13,7266,5724,78.78,60.68,85.9,85.8,9404,78.5,11975,10270,1686,19,0,369,300,81.3,2950,1860,63.1,0,0,0.0,3157,3152,99.8,258,101,39.1
amadey,2d6e35a8b02958db64fe8effa9804064bf478e88717fe23dabf9ee300706d032,230,198,25,7,0,0,115,7,108,85,78.7,46.96,88.79,86.1,198,86.1,230,198,25,7,0,53,50,94.3,19,12,63.2,0,0,0.0,17,15,88.2,15,4,26.7
amadey,307ff5f51c2349fd918ffd7073c11235ad26a5038f6d812082db62e405f1380e,266,228,28,10,0,0,116,8,140,116,82.86,52.63,89.06,85.7,228,85.7,266,228,28,10,0,79,75,94.9,19,12,63.2,0,0,0.0,22,20,90.9,15,4,26.7
amadey,30b55fc29eb4d6ba84b1f82bbfa69faa222f2bc6d243a759a624fbb454475275,5722,5043,660,19,0,0,2411,12,3292,2708,82.26,57.53,88.43,88.1,4393,76.8,5722,5043,660,19,0,131,102,77.9,1171,712,60.8,0,0,0.0,1795,1791,99.8,129,47,36.4
amadey,30c8c226fbe1ec0bda70541cd36c632e937182e0a55b639c4f26d2340868f481,6381,5367,1003,11,0,0,4021,8,2349,1437,61.17,36.81,84.25,84.1,4984,78.1,6381,5367,1003,11,0,150,135,90.0,1513,666,44.0,0,0,0.0,569,565,99.3,78,35,44.9
amadey,31ce5c05b8ccb9a1fa2f3f83f0bcc093b907083f6d6203de1198a63e600874e5,20955,18550,2284,121,0,0,7858,24,12976,11018,84.91,61.92,89.04,88.5,16991,81.1,20955,18550,2284,121,0,593,507,85.5,4326,3221,74.5,0,0,0.0,6593,6585,99.9,723,241,33.3
amadey,3b7e4f66c4398814f9c83b444dcc14b5ba2e407f00c411a9059247b40266d4d6,231,196,27,8,0,0,115,8,108,84,77.78,46.75,87.89,84.8,196,84.8,231,196,27,8,0,51,47,92.2,19,12,63.2,0,0,0.0,19,17,89.5,15,4,26.7
amadey,44ab913e6708ebdb117d4d0608fd14c7a3b5280db5425b0f4e4d3bdad8654f55,222,187,28,7,0,0,115,7,100,76,76.0,45.05,86.98,84.2,187,84.2,222,187,28,7,0,45,41,91.1,19,12,63.2,0,0,0.0,17,15,88.2,15,4,26.7
amadey,49c4a424655e9a1cf36d4fa030a06a15d21ee247a0eb081a1d5539c7097a20da,12989,11406,1553,30,0,0,4855,13,8104,6741,83.18,62.39,88.02,87.8,10314,79.4,12989,11406,1553,30,0,327,260,79.5,2898,2080,71.8,0,0,0.0,3968,3961,99.8,360,137,38.1
amadey,4e1377f9874f333dcb0b1b758e3131949e667fc39aadf3091e4e3b7cdbaeef1d,53585,45627,7651,307,0,0,26376,61,26902,21340,79.32,50.2,85.64,85.1,38855,72.5,53585,45627,7651,307,0,1057,937,88.6,13268,9229,69.6,0,0,0.0,10303,10198,99.0,1558,437,28.0
amadey,4e4eed16b3a6b4c9f1168745b8268765a9b7a0b5c557cc7e2975c24940eed32d,233,198,27,8,0,0,115,8,110,86,78.18,47.21,88.0,85.0,198,85.0,233,198,27,8,0,54,50,92.6,19,12,63.2,0,0,0.0,18,16,88.9,15,4,26.7
amadey,52b888b35ed7381b5fd211296546932916d5751bb311f24431683788bddeb04e,24903,22054,2793,56,0,0,9355,25,15492,13107,84.6,62.21,88.76,88.6,20131,80.8,24903,22054,2793,56,0,711,569,80.0,5228,4049,77.4,0,0,0.0,7599,7588,99.9,827,301,36.4
amadey,5692d447bbf6256b2bcd4b20b536a9b7725dbf98aaff51e6e0439f5b12f6045d,222,187,27,8,0,0,115,8,99,75,75.76,44.59,87.38,84.2,187,84.2,222,187,27,8,0,42,38,90.5,19,12,63.2,0,0,0.0,19,17,89.5,15,4,26.7
amadey,5d7f15bb1f5a34592c1b7a2451cacf2b1beb04a1810dc67bba82c093774458f2,19509,17319,2125,65,0,0,9305,10,10139,8243,81.3,51.97,89.07,88.8,16370,83.9,19509,17319,2125,65,0,521,434,83.3,4240,2801,66.1,0,0,0.0,4565,4554,99.8,386,113,29.3
amadey,5ea65da532ee70eabf6ce6745c285d5128ecb4cc7f49a28452d437a33b52e71b,233,197,28,8,0,0,115,8,110,86,78.18,47.21,87.56,84.5,197,84.5,233,197,28,8,0,54,50,92.6,19,12,63.2,0,0,0.0,18,16,88.9,15,4,26.7
amadey,5ff4038bb7d8b406e4c2c8f93898225ac0f969e6ab1c9dfd231b77d15b417417,1634,1381,245,8,0,0,924,7,702,471,67.09,42.96,84.93,84.5,1047,64.1,1634,1381,245,8,0,54,44,81.5,499,301,60.3,0,0,0.0,112,108,96.4,31,12,38.7
amadey,6199c88503f3aba97f2bc23545b6d57496470b262d0c3530ace4d9b4a680834a,221,186,27,8,0,0,115,8,98,74,75.51,44.34,87.32,84.2,186,84.2,221,186,27,8,0,42,38,90.5,19,12,63.2,0,0,0.0,18,16,88.9,15,4,26.7
amadey,62bad3890dd4997157e6248d93e577120bb4ebd07addc47a817800c7e9e98dbd,36281,31056,5154,71,0,0,13991,24,22219,17658,79.47,61.24,85.77,85.6,29834,82.2,36281,31056,5154,71,0,909,815,89.7,10729,7249,67.6,0,0,0.0,8675,8616,99.3,561,152,27.1
amadey,6932aa2b259a43e44dd5ba561ff61db50480ae95aa6fbab7d875e411fd74befc,10615,8280,2244,91,0,0,3942,61,6582,4401,66.86,62.01,78.68,78.0,7463,70.3,10615,8280,2244,91,0,693,627,90.5,3124,1601,51.2,0,0,0.0,2406,2091,86.9,280,19,6.8
amadey,6d798e3e2e28317dc1b93dbc671623d036d06ad82c94821b64004d1ef983f1a9,2385,1956,421,8,0,0,1063,7,1314,914,69.56,55.09,82.29,82.0,1585,66.5,2385,1956,421,8,0,65,53,81.5,723,371,51.3,0,0,0.0,453,450,99.3,48,17,35.4
amadey,6da9cb0590a01c527340a0ec456ae8cadfb31986c7874e06561318715a3dcc34,11883,11044,793,46,0,0,8515,25,3322,2686,80.85,27.96,93.3,92.9,10720,90.2,11883,11044,793,46,0,582,562,96.6,914,556,60.8,0,0,0.0,1675,1504,89.8,115,31,27.0
amadey,6db69d1dbd4dbe1108a05955d03052864c7acf3165d0ddbfad7e4156c37a0bd8,235,201,26,8,0,0,115,8,112,89,79.46,47.66,88.55,85.5,201,85.5,235,201,26,8,0,56,52,92.9,19,13,68.4,0,0,0.0,18,16,88.9,15,4,26.7
amadey,7095952df050e7b9744fd672e0a3bd68fb3f4327a856972603e545de2649a494,2151,1778,365,8,0,0,1001,7,1142,799,69.96,53.09,82.97,82.7,1532,71.2,2151,1778,365,8,0,63,51,81.0,672,380,56.5,0,0,0.0,333,330,99.1,53,20,37.7
amadey,72cd6bd93142d02a387b6e4c6141c7e9b258c2f3a3b28fa0039d71a60f7be586,9023,6883,2079,61,0,0,3434,59,5528,3489,63.12,61.27,76.8,76.3,6259,69.4,9023,6883,2079,61,0,333,283,85.0,3289,1628,49.5,0,0,0.0,1569,1497,95.4,256,16,6.2
amadey,7611a9f3617806552cbed6abb3d8343d9013dca2522fc35805aaca30bb2dfbcb,225,189,28,8,0,0,115,8,102,78,76.47,45.33,87.1,84.0,189,84.0,225,189,28,8,0,45,41,91.1,19,12,63.2,0,0,0.0,18,16,88.9,15,4,26.7
amadey,7667f3dc5e1a97d383a26a6fde433fea11e93ac485eaea5247a08f9d6ed51e23,1150,959,183,8,0,0,587,7,555,385,69.37,48.26,83.98,83.4,606,52.7,1150,959,183,8,0,56,45,80.4,239,104,43.5,0,0,0.0,223,219,98.2,32,12,37.5
amadey,767b03b1909c858a948371ed7791ff0c0629e5e4c7d60f97900b1fc27485103a,388,49,17,3,0,319,18,3,48,31,64.58,12.37,12.73,12.6,51,13.1,69,49,17,3,0,16,5,31.2,18,3,16.7,0,0,0.0,73,17,23.3,45,6,13.3
amadey,7732b3137a721cb543261e9c4ecb5c90b51aa6d810c2df0104df6b11e319dbd8,236,201,27,8,0,0,115,8,113,89,78.76,47.88,88.16,85.2,201,85.2,236,201,27,8,0,57,53,93.0,19,12,63.2,0,0,0.0,18,16,88.9,15,4,26.7
amadey,77db7cd9e4f2ac402a07827f41de516c2138fc7972a9cc76fe6eac392429283c,259,224,27,8,0,0,115,8,136,112,82.35,52.51,89.24,86.5,225,86.9,259,224,27,8,0,79,75,94.9,19,12,63.2,0,0,0.0,19,17,89.5,15,4,26.7
amadey,7febe0fba245dbc20d115e06a3b5f36f7c1b1434353bc7c36882b497bc598635,20216,18052,2112,52,0,0,9545,12,10619,8714,82.06,52.53,89.53,89.3,14103,69.8,20216,18052,2112,52,0,477,394,82.6,3915,2726,69.6,0,0,0.0,4942,4937,99.9,400,140,35.0
amadey,820fdad665b19d5c17a4ab8604f8fac33a60608ebbf82af577f73491b07d745f,9595,8055,1503,37,0,0,4280,13,5278,3924,74.35,55.01,84.27,83.9,6946,72.4,9595,8055,1503,37,0,198,152,76.8,2490,1371,55.1,0,0,0.0,2205,2200,99.8,287,115,40.1
amadey,87ebcb235fd23c6cd6996ceb269c299b29c0d8e1a1535f383a3298a0d8ae52e8,18310,14964,3252,94,0,0,7077,76,11139,8044,72.21,60.84,82.15,81.7,13728,75.0,18310,14964,3252,94,0,601,464,77.2,5084,2895,56.9,0,0,0.0,4177,4103,98.2,498,95,19.1
amadey,8b549a868852eb291819180cd971dd7b163003efa16b8efacf685d2d5f879a5b,31003,26319,4611,73,0,0,11904,24,19026,14857,78.09,61.37,85.09,84.9,25313,81.6,31003,26319,4611,73,0,777,645,83.0,8420,5282,62.7,0,0,0.0,8195,8148,99.4,417,90,21.6
amadey,8dca550e1103f8f3162602f771cb621c1a807127190997897a0bd373c3c43462,17907,14760,3062,85,0,0,8903,64,8919,6134,68.77,49.81,82.82,82.4,13905,77.7,17907,14760,3062,85,0,786,738,93.9,4275,2200,51.5,0,0,0.0,3371,3054,90.6,367,40,10.9
amadey,903aec9d247ac31aca8518655026902f1f3ae706204004425838471c99f3f81b,15424,12958,2441,25,0,0,5919,12,9480,7245,76.42,61.46,84.15,84.0,12306,79.8,15424,12958,2441,25,0,418,360,86.1,4383,2618,59.7,0,0,0.0,3763,3743,99.5,232,76,32.8
amadey,947d24044cb646f0dcb36b726a5841608b5e8967b9102a3a2a48eb82b23b57d1,416,336,71,9,0,0,206,8,201,136,67.66,48.32,82.56,80.8,281,67.5,416,336,71,9,0,46,39,84.8,77,35,45.5,0,0,0.0,52,50,96.2,21,7,33.3
amadey,96e45d33cf7e671adafb99d4e650d51930eff09ba7397b0ad0b40f8b796f27a3,229,194,27,8,0,0,115,8,106,82,77.36,46.29,87.78,84.7,194,84.7,229,194,27,8,0,50,46,92.0,19,12,63.2,0,0,0.0,18,16,88.9,15,4,26.7
amadey,973c875729ccab5d3b082d708b110a460dba4a519e065e5e2292bdf399bb251a,221,185,28,8,0,0,115,8,98,74,75.51,44.34,86.85,83.7,185,83.7,221,185,28,8,0,42,38,90.5,19,12,63.2,0,0,0.0,18,16,88.9,15,4,26.7
amadey,9c48ac832a3da6ee2280b7151181c9b0e6bbf0ec0a7d83505b1b460def2e886e,14927,13046,1848,33,0,0,5877,13,9017,7344,81.45,60.41,87.59,87.4,11598,77.7,14927,13046,1848,33,0,435,283,65.1,2932,1869,63.7,0,0,0.0,4756,4746,99.8,310,113,36.5
amadey,9c5d4deda8f1b114352e264a6e770adadfd6d6ef9bd03ff5c9f470cdf7dbdbd9,945,809,128,8,0,0,575,7,362,246,67.96,38.31,86.34,85.6,488,51.6,945,809,128,8,0,51,44,86.3,160,74,46.2,0,0,0.0,108,106,98.1,31,12,38.7
amadey,9ede690d40718ea6d69d8191d139b9e742029b9ee4c69db37526c4d5734f5cd7,232,197,27,8,0,0,115,8,109,85,77.98,46.98,87.95,84.9,197,84.9,232,197,27,8,0,53,49,92.5,19,12,63.2,0,0,0.0,18,16,88.9,15,4,26.7
amadey,a2a43fdfe04d1f17342be55cd041234faeb16291b51bf4591c98b6f57bcded71,29937,26279,3557,101,0,0,12081,9,17755,14611,82.29,59.31,88.08,87.8,23959,80.0,29937,26279,3557,101,0,748,607,81.1,7340,5025,68.5,0,0,0.0,8294,8285,99.9,802,255,31.8
amadey,a2eebe49ef99cdb63be5f84076c9a5dc04cc91ea1f02055eec666102f6b6c4c6,232,197,27,8,0,0,115,8,109,85,77.98,46.98,87.95,84.9,197,84.9,232,197,27,8,0,53,49,92.5,19,12,63.2,0,0,0.0,18,16,88.9,15,4,26.7
amadey,af1379c2cbc8abd767e205c1b0a8be9e9c8b5765083700eb3fd2313bf3a76e5d,29381,25873,3326,182,0,0,11658,23,17541,14703,83.82,59.7,88.61,88.1,23638,80.5,29381,25873,3326,182,0,750,593,79.1,6097,4846,79.5,0,0,0.0,8161,8154,99.9,1233,374,30.3
amadey,af3abce52d153228bfc6b631d43f74c0c0446e04f68163b85811ddd49ad349eb,1268,1102,157,9,0,0,691,8,568,422,74.3,44.79,87.53,86.9,762,60.1,1268,1102,157,9,0,55,45,81.8,248,132,53.2,0,0,0.0,225,223,99.1,29,11,37.9
amadey,afeca568e86df4dc2fb8accc9e4a6768a93dc4948eda413bb49b2fdf310ab7a3,231,195,28,8,0,0,115,8,108,84,77.78,46.75,87.44,84.4,195,84.4,231,195,28,8,0,52,48,92.3,19,12,63.2,0,0,0.0,18,16,88.9,15,4,26.7
amadey,b29877eef2cbbbc095db72354a06828684a84586ab57ba4f606d997c6d3408d6,26838,23836,2926,76,0,0,10957,7,15805,13321,84.28,58.89,89.07,88.8,21734,81.0,26838,23836,2926,76,0,584,421,72.1,5938,4433,74.7,0,0,0.0,7832,7825,99.9,934,316,33.8
amadey,b67eac365a0ec306628909ec8c1fda737fdf32f2331255f585656f57de436131,8252,7205,985,62,0,0,3368,11,4822,3958,82.08,58.43,87.97,87.3,6464,78.3,8252,7205,985,62,0,164,128,78.0,1969,1331,67.6,0,0,0.0,2309,2303,99.7,256,86,33.6
amadey,b84d0d196ac3a5bc6a2985b4c25e3d696b47d2b8ec83c55019d6c7a681b1d944,21355,19200,2146,9,0,0,11536,7,9810,8266,84.26,45.94,89.95,89.9,12868,60.3,21355,19200,2146,9,0,158,112,70.9,5330,4466,83.8,0,0,0.0,3074,3070,99.9,1175,558,47.5
amadey,b8d6d40ceb8eb4629f70f1a83e6e09e52da0cfffaf3354a4bdd9dcef75240adc,39968,33512,6262,194,0,0,18475,19,21299,17027,79.94,53.29,84.26,83.8,27312,68.3,39968,33512,6262,194,0,591,486,82.2,10709,7519,70.2,0,0,0.0,8209,8187,99.7,1218,440,36.1
amadey,b9253c21e8f82ccac212b78dba42f85f373acd63a40007e21d5b6a1f7b4cce6e,226,191,27,8,0,0,115,8,103,79,76.7,45.58,87.61,84.5,191,84.5,226,191,27,8,0,45,41,91.1,19,12,63.2,0,0,0.0,19,17,89.5,15,4,26.7
amadey,ba001711c022bf7d05631e57a93fd470559cceae16f78f2451582c8ff0e57ab6,15302,13717,1545,40,0,0,8287,10,6975,5609,80.42,45.58,89.88,89.6,12708,83.0,15302,13717,1545,40,0,364,307,84.3,2668,1591,59.6,0,0,0.0,3377,3373,99.9,207,56,27.1
amadey,babe2bac544203762a76125e6b592106f506b056d4d23f1b565156419c12e0ec,48680,42018,6538,124,0,0,25123,12,23433,19282,82.29,48.14,86.54,86.3,34418,70.7,48680,42018,6538,124,0,928,808,87.1,11292,8306,73.6,0,0,0.0,9324,9284,99.6,1311,497,37.9
amadey,bb7479d1e0689a68a0e9cb3341d22e625dfba03a436a9306a6e4bfe47eca0638,223,189,27,7,0,0,115,7,101,77,76.24,45.29,87.5,84.8,189,84.8,223,189,27,7,0,45,41,91.1,19,12,63.2,0,0,0.0,18,16,88.9,15,4,26.7
amadey,c010da0b5ee5ca9b8d48491d007af10e5b80f6d7950145e1cf81a195c19836d7,40867,23871,16931,50,15,0,18645,44,22172,7048,31.79,54.25,58.48,58.4,23723,58.0,40867,23871,16931,50,15,921,796,86.4,14331,249,1.7,0,0,0.0,5438,5370,98.7,1128,383,34.0
amadey,c0dad59a3bf41db6ecf798e4bdcef76482de14c96e0a17733413f0a05a686cfd,257,221,28,8,0,0,115,8,134,110,82.09,52.14,88.76,86.0,221,86.0,257,221,28,8,0,78,74,94.9,19,12,63.2,0,0,0.0,18,16,88.9,15,4,26.7
amadey,c238520d436c5d8f2b77a21e5472161540494daeba6e2885ebce194db0e2e1e2,228,192,28,8,0,0,115,8,105,81,77.14,46.05,87.27,84.2,192,84.2,228,192,28,8,0,48,44,91.7,19,12,63.2,0,0,0.0,19,17,89.5,15,4,26.7
amadey,c26478a9d90e449ab9f3db4011eb7bb7271ed3bc2506f374543e0fec014a7043,10620,8263,2265,92,0,0,3964,61,6564,4363,66.47,61.81,78.49,77.8,7481,70.4,10620,8263,2265,92,0,690,630,91.3,3116,1575,50.5,0,0,0.0,2389,2078,87.0,292,19,6.5
amadey,c2dde09d415c9a9cee697b38102054fcf775c3e2880ba4593929311da994dd11,49321,41627,7617,77,0,0,25012,12,24232,19121,78.91,49.13,84.53,84.4,34353,69.7,49321,41627,7617,77,0,896,839,93.6,13084,9038,69.1,0,0,0.0,8557,8482,99.1,1258,434,34.5
amadey,c82d2fce74ea779ecf9d29ba5e371111917a7724b72a321406755a97434b6b9b,23164,20018,3112,34,0,0,9561,15,13569,10809,79.66,58.58,86.55,86.4,18220,78.7,23164,20018,3112,34,0,395,299,75.7,5682,3448,60.7,0,0,0.0,6645,6640,99.9,584,234,40.1
amadey,c84d7a88c396b7e327907984474a5b186f4adf86792a273b4ded750f4b893ca4,8640,7552,1073,15,0,0,4968,10,3657,2684,73.39,42.33,87.56,87.4,6983,80.8,8640,7552,1073,15,0,335,308,91.9,1921,1150,59.9,0,0,0.0,1075,1070,99.5,140,58,41.4
amadey,cb8a6de270d282604ba95e058ff8d9c0939b036c35e1e2394016fb1f97926cf0,8875,7878,924,73,0,0,3493,25,5309,4534,85.4,59.82,89.5,88.8,7003,78.9,8875,7878,924,73,0,185,144,77.8,1607,1143,71.1,0,0,0.0,3018,3013,99.8,341,108,31.7
amadey,d02b052cefa25c1419a34f4fdf11f7975fb4e17425cde777eb9d46af8f5b5ce0,5904,5467,426,11,0,0,4142,7,1751,1343,76.7,29.66,92.77,92.6,5129,86.9,5904,5467,426,11,0,154,145,94.2,1009,638,63.2,0,0,0.0,547,543,99.3,36,12,33.3
amadey,d1ec02791818eb83a1b7a8b3f98015ed883745f600fe5c1bcf33932c15aa147f,388,320,57,9,2,0,224,7,155,96,61.94,39.95,84.43,82.5,325,83.8,388,320,57,9,2,16,13,81.2,18,9,50.0,0,0,0.0,73,66,90.4,45,7,15.6
amadey,dbb68f809f1c082132934c3a85584117651f3b7232dab7d6ff9a0e718847016a,18138,15103,2946,89,0,0,9381,65,8668,6029,69.55,47.79,83.68,83.3,14244,78.5,18138,15103,2946,89,0,812,749,92.2,4093,2199,53.7,0,0,0.0,3317,2957,89.1,336,33,9.8
amadey,df0928765104bf106d2c79351b90b04cc1ca7c2e4ac3ef27767aede524645bb3,28051,23360,4592,99,0,0,10731,63,17221,12937,75.12,61.39,83.57,83.3,22205,79.2,28051,23360,4592,99,0,780,671,86.0,8533,5198,60.9,0,0,0.0,6514,6416,98.5,562,101,18.0
amadey,e108ff127816c7473b4288f40bd13567a985e223950fa93d9ab0d43aeb8ec658,17289,15337,1859,93,0,0,9656,28,7540,6260,83.02,43.61,89.19,88.7,14446,83.6,17289,15337,1859,93,0,931,899,96.6,2304,1607,69.7,0,0,0.0,3752,3472,92.5,388,138,35.6
amadey,e72a6e51dbac1e6313459eab1ffc1832d973b0fd23fe10aba5acdee9ba028f6d,231,196,27,8,0,0,115,8,108,84,77.78,46.75,87.89,84.8,196,84.8,231,196,27,8,0,52,48,92.3,19,12,63.2,0,0,0.0,18,16,88.9,15,4,26.7
amadey,e748fa2eb7bcd7cdf35f7fc1ef90ab4dc83e946443d4b2d66e8769c43dd08de8,28949,25469,3353,127,0,0,12474,8,16348,13365,81.75,56.47,88.37,88.0,20979,72.5,28949,25469,3353,127,0,661,560,84.7,6831,4671,68.4,0,0,0.0,7420,7385,99.5,550,142,25.8
amadey,e7808c9b2f5bc2319166596471fddda32b35ceac9ff0cf6aae713e422576b974,26817,23243,3492,82,0,0,9998,24,16737,13675,81.71,62.41,86.94,86.7,21860,81.5,26817,23243,3492,82,0,624,527,84.5,7084,4948,69.8,0,0,0.0,7467,7439,99.6,725,212,29.2
amadey,ec137c56ce1fbf300d20e4da977f3df9d82ab43a1479afec5ab0ec5997823ad6,42730,37219,5459,52,0,0,22117,12,20561,17230,83.8,48.12,87.21,87.1,30668,71.8,42730,37219,5459,52,0,778,699,89.8,10318,7918,76.7,0,0,0.0,7936,7903,99.6,1216,521,42.8
amadey,edcd11e45efed930a5a9563c77aa25c91d52061edd71739f3b01b63568f9d706,257,221,28,8,0,0,115,8,134,110,82.09,52.14,88.76,86.0,221,86.0,257,221,28,8,0,78,74,94.9,19,12,63.2,0,0,0.0,18,16,88.9,15,4,26.7
amadey,ee4c5daa2e1992d339be9e9a69726641952127dfc0c4a74b695e720fd8f2c548,3349,2785,555,9,0,0,1679,8,1661,1182,71.16,49.6,83.38,83.2,2259,67.5,3349,2785,555,9,0,54,46,85.2,1135,755,66.5,0,0,0.0,297,295,99.3,162,75,46.3
amadey,eeb482210dd21fa61050ffe6cc4cf6558c66e32b87f13424884cb974ee2431df,767,666,93,8,0,0,517,7,242,154,63.64,31.55,87.75,86.8,367,47.8,767,666,93,8,0,46,34,73.9,111,55,49.5,0,0,0.0,56,54,96.4,24,6,25.0
amadey,f7b9d0767322a55a6d7c72fe221b1afe6d74a126b9987617ba0219ab6d94c2cb,18989,16167,2724,98,0,0,6893,24,11998,9531,79.44,63.18,85.58,85.1,15349,80.8,18989,16167,2724,98,0,426,381,89.4,4867,2974,61.1,0,0,0.0,5716,5689,99.5,312,71,22.8
amadey,faa2daf2db5f5ba0927b64b5313347194e3ba0cf6dbb25ec408f4f5ab3a2d481,29773,26291,3377,105,0,0,11794,23,17874,15030,84.09,60.03,88.62,88.3,23781,79.9,29773,26291,3377,105,0,814,638,78.4,6512,5167,79.3,0,0,0.0,8164,8157,99.9,1164,399,34.3
amadey,fab4894ab426fd6b5187803d9f475e9c4aeb42e18643c3e0ca80a1de656fe018,39411,34273,5051,87,0,0,16065,25,23259,18947,81.46,59.02,87.16,87.0,31625,80.2,39411,34273,5051,87,0,1050,747,71.1,10339,7800,75.4,0,0,0.0,9146,9113,99.6,1293,436,33.7
amadey,fcf464b05016d4f9a43f2dbc627218ef63840077f00b1c63abc5e102ac972d7c,4821,4626,184,11,0,0,4025,8,785,668,85.1,16.28,96.17,96.0,4294,89.1,4821,4626,184,11,0,134,127,94.8,165,81,49.1,0,0,0.0,436,434,99.5,39,15,38.5
berbew,0030eba0afa77ea8bcc69d88fef59b1669504139780afcb86ec44ec21341568a,223,200,19,4,0,0,171,2,48,29,60.42,21.52,91.32,89.7,201,90.1,223,200,19,4,0,13,9,69.2,13,11,84.6,0,0,0.0,6,6,100.0,14,2,14.3
berbew,0417046be3a08c5f9e7bc6db87ec3bd7593a9ea4523d2edb3ef542c76cc7d448,225,201,20,4,0,0,171,2,50,30,60.0,22.22,90.95,89.3,202,89.8,225,201,20,4,0,13,9,69.2,14,11,78.6,0,0,0.0,7,7,100.0,14,2,14.3
berbew,06094b403c0131e1954131734488e5c14e92c9e8b74cde7aedb4abd46a11baf1,222,199,19,4,0,0,171,2,47,28,59.57,21.17,91.28,89.6,200,90.1,222,199,19,4,0,13,9,69.2,13,11,84.6,0,0,0.0,5,5,100.0,14,2,14.3
berbew,0cf2dad4c87452d6953d989062a4a2da35463ec653e95776c3640f1d844c13e9,222,199,19,4,0,0,171,2,47,28,59.57,21.17,91.28,89.6,200,90.1,222,199,19,4,0,13,9,69.2,13,11,84.6,0,0,0.0,5,5,100.0,14,2,14.3
berbew,0d1b79df6441edeaff7f168b5f73009c2f3aa428edc3b6221d3e667246e4f1ae,222,199,19,4,0,0,171,2,47,28,59.57,21.17,91.28,89.6,200,90.1,222,199,19,4,0,13,9,69.2,13,11,84.6,0,0,0.0,5,5,100.0,14,2,14.3
berbew,0d1fce7a3d873a770c57b5a27ccc47adbda08683fa333e3298f6caaef302b6e8,222,199,19,4,0,0,172,2,46,27,58.7,20.72,91.28,89.6,200,90.1,222,199,19,4,0,13,9,69.2,13,11,84.6,0,0,0.0,4,4,100.0,14,2,14.3
berbew,0e0534344356c1ae249483171aece8eeb7777ca2c323e6b220701550a9731114,221,198,19,4,0,0,171,2,46,27,58.7,20.81,91.24,89.6,199,90.0,221,198,19,4,0,13,9,69.2,13,11,84.6,0,0,0.0,4,4,100.0,14,2,14.3
berbew,0e3b2cd19e68c440e1a9d6251f85331e174491e5b1f22d46c5e7bf9aa9a9901a,221,198,19,4,0,0,171,2,46,27,58.7,20.81,91.24,89.6,199,90.0,221,198,19,4,0,13,9,69.2,13,11,84.6,0,0,0.0,4,4,100.0,14,2,14.3
berbew,0fe86684625cc4e89392252fd81438395c27732f5c799779966d78fa06ae10e7,225,201,20,4,0,0,171,2,50,30,60.0,22.22,90.95,89.3,202,89.8,225,201,20,4,0,13,9,69.2,14,11,78.6,0,0,0.0,7,7,100.0,14,2,14.3
berbew,10148bf0e289b04afba1b91c96e3c921bc1b95ec99ee46410d605aa60694db49,224,200,20,4,0,0,172,2,48,28,58.33,21.43,90.91,89.3,201,89.7,224,200,20,4,0,13,9,69.2,14,11,78.6,0,0,0.0,5,5,100.0,14,2,14.3
berbew,14d279cf84c64a080317b66558adc19ab25de69d22584c9267881909cd827449,222,199,19,4,0,0,171,2,47,28,59.57,21.17,91.28,89.6,200,90.1,222,199,19,4,0,13,9,69.2,13,11,84.6,0,0,0.0,5,5,100.0,14,2,14.3
berbew,16bc86b2b4c7714939acd9a825dd8981f8bb1f031f4e2d3ca0d42d927a5f3411,224,201,19,4,0,0,171,2,49,30,61.22,21.88,91.36,89.7,202,90.2,224,201,19,4,0,13,9,69.2,13,11,84.6,0,0,0.0,7,7,100.0,14,2,14.3
berbew,1771e9da2d4ca305d494ed19eee91d7c996eacf77804081fc495a554c27295c6,225,201,20,4,0,0,171,2,50,30,60.0,22.22,90.95,89.3,202,89.8,225,201,20,4,0,13,9,69.2,14,11,78.6,0,0,0.0,5,5,100.0,14,2,14.3
berbew,19aae2a5e3fd224c552c2f6a30223bdfc3cd914a0620f558500d862c421b4d74,224,200,20,4,0,0,171,2,49,29,59.18,21.88,90.91,89.3,201,89.7,224,200,20,4,0,13,9,69.2,14,11,78.6,0,0,0.0,6,6,100.0,14,2,14.3
berbew,1db05a6f525d57e95a6febe10c1afb560afde09e092b42a42d67dec8dac3cdbe,221,198,19,4,0,0,171,2,46,27,58.7,20.81,91.24,89.6,199,90.0,221,198,19,4,0,13,9,69.2,13,11,84.6,0,0,0.0,4,4,100.0,14,2,14.3
berbew,1e07b6577e06272339dc0abd212e194c1dcc68c725c3008b1b811089c5043df1,228,204,20,4,0,0,171,2,53,33,62.26,23.25,91.07,89.5,205,89.9,228,204,20,4,0,13,9,69.2,14,11,78.6,0,0,0.0,10,10,100.0,14,2,14.3
berbew,208069695070f03fe2dfb81c6d3f794cd37e81cbcab36e38fb5678fa99deb40b,221,198,19,4,0,0,171,2,46,27,58.7,20.81,91.24,89.6,199,90.0,221,198,19,4,0,13,9,69.2,13,11,84.6,0,0,0.0,4,4,100.0,14,2,14.3
berbew,253cebb95c3fc102c9d2eb518bbae39c2226ea9a738778d292e9f590e4f2da29,221,198,19,4,0,0,171,2,46,27,58.7,20.81,91.24,89.6,199,90.0,221,198,19,4,0,13,9,69.2,13,11,84.6,0,0,0.0,4,4,100.0,14,2,14.3
berbew,269777b733b9f58b9e8ee199b3de364394033b562f61f9b02d3d2967a4522c21,223,199,20,4,0,0,171,2,48,28,58.33,21.52,90.87,89.2,200,89.7,223,199,20,4,0,13,9,69.2,14,11,78.6,0,0,0.0,5,5,100.0,14,2,14.3
berbew,28c483d1a28aecd9f785fc5f74042a27e4c27f97fa2a1109a5671a02d27b3a80,221,198,19,4,0,0,171,2,46,27,58.7,20.81,91.24,89.6,199,90.0,221,198,19,4,0,13,9,69.2,13,11,84.6,0,0,0.0,4,4,100.0,14,2,14.3
berbew,2970adcebefaad5be6ab8656a6d6e89454c7ad624c9ae42f3d2b13c3ce50192c,225,201,20,4,0,0,171,2,50,30,60.0,22.22,90.95,89.3,202,89.8,225,201,20,4,0,13,9,69.2,14,11,78.6,0,0,0.0,7,7,100.0,14,2,14.3
berbew,2c4be9b5be2712702c395d35b88ea85eebd544eccb142d96af34fa33125ae602,223,200,19,4,0,0,172,2,47,28,59.57,21.08,91.32,89.7,201,90.1,223,200,19,4,0,13,9,69.2,13,11,84.6,0,0,0.0,5,5,100.0,14,2,14.3
berbew,31585340e00232db1360a84910712f0fc077bacfd549a2a17f6a8cfc1b2002d7,224,200,20,4,0,0,171,2,49,29,59.18,21.88,90.91,89.3,201,89.7,224,200,20,4,0,13,9,69.2,14,11,78.6,0,0,0.0,6,6,100.0,14,2,14.3
berbew,36f02f7f3ed9522b243288260abda59e7823d1266589312c270f526f3ad2adf0,224,200,20,4,0,0,171,2,49,29,59.18,21.88,90.91,89.3,201,89.7,224,200,20,4,0,13,9,69.2,14,11,78.6,0,0,0.0,6,6,100.0,14,2,14.3
berbew,3a45a27299a608f0c4a9f61d1484b4b5f8a92e6ddce0289858b194c6a77ed879,223,200,19,4,0,0,171,2,48,29,60.42,21.52,91.32,89.7,201,90.1,223,200,19,4,0,13,9,69.2,13,11,84.6,0,0,0.0,6,6,100.0,14,2,14.3
berbew,3dffc2cabd0f70ee3ba25a64f11e1b1a4845319cf0ffd846a930f17f7abd04bd,222,199,19,4,0,0,171,2,47,28,59.57,21.17,91.28,89.6,200,90.1,222,199,19,4,0,13,9,69.2,13,11,84.6,0,0,0.0,5,5,100.0,14,2,14.3
berbew,43e59df41ff55e0b5ce40ef626c58b9ebca1eba983e4d2ca41891c0cde046d00,227,203,20,4,0,0,171,2,52,32,61.54,22.91,91.03,89.4,204,89.9,227,203,20,4,0,13,9,69.2,14,11,78.6,0,0,0.0,9,9,100.0,14,2,14.3
berbew,4f23b8954892e938327a755eee4179dc30317f15343fa68b965b33531354f4ff,228,204,20,4,0,0,171,2,53,33,62.26,23.25,91.07,89.5,205,89.9,228,204,20,4,0,13,9,69.2,14,11,78.6,0,0,0.0,10,10,100.0,14,2,14.3
berbew,4ffe8a5472bfaef99d9d67dca5b6710058689c7dd9facf4c0a382263fa29b34f,222,199,19,4,0,0,171,2,47,28,59.57,21.17,91.28,89.6,200,90.1,222,199,19,4,0,13,9,69.2,13,11,84.6,0,0,0.0,5,5,100.0,14,2,14.3
berbew,501c8445e6c94bf1f08225117a788729db2c5c589a226759c38fc85bab739d5e,222,199,19,4,0,0,171,2,47,28,59.57,21.17,91.28,89.6,200,90.1,222,199,19,4,0,13,9,69.2,13,11,84.6,0,0,0.0,5,5,100.0,14,2,14.3
berbew,56382a07d92e56ee04d6b03b686603901cd1eb06d69f0e481d1a63cec3ba8fce,224,201,19,4,0,0,171,2,49,30,61.22,21.88,91.36,89.7,202,90.2,224,201,19,4,0,13,9,69.2,13,11,84.6,0,0,0.0,7,7,100.0,14,2,14.3
berbew,57112d8e8deb98ee7988e6375e41769410e2afa4b7c97edb42a34b6a6b2cabe6,221,198,19,4,0,0,171,2,46,27,58.7,20.81,91.24,89.6,199,90.0,221,198,19,4,0,13,9,69.2,13,11,84.6,0,0,0.0,4,4,100.0,14,2,14.3
berbew,59ec9b99030ea3f55c2f0089e8065c1d270eae39d93c1305b724ea0401dc924d,223,200,19,4,0,0,171,2,48,29,60.42,21.52,91.32,89.7,201,90.1,223,200,19,4,0,13,9,69.2,13,11,84.6,0,0,0.0,6,6,100.0,14,2,14.3
berbew,5bdc3bc3128d1f2aab29c6505252f4962da1f3b0a0bdee210425ad047baf9143,227,203,20,4,0,0,171,2,52,32,61.54,22.91,91.03,89.4,204,89.9,227,203,20,4,0,13,9,69.2,14,11,78.6,0,0,0.0,9,9,100.0,14,2,14.3
berbew,5c5c7c240e27d57c27ebdc59a52921ea4fa2d04e7cf50ace559497a3322d4995,223,200,19,4,0,0,171,2,48,29,60.42,21.52,91.32,89.7,201,90.1,223,200,19,4,0,13,9,69.2,13,11,84.6,0,0,0.0,6,6,100.0,14,2,14.3
berbew,5d23b16fb5020eca13224d1c768644a2890489cd1604ff2628f92c0a4e109408,225,201,20,4,0,0,171,2,50,30,60.0,22.22,90.95,89.3,202,89.8,225,201,20,4,0,13,9,69.2,14,11,78.6,0,0,0.0,7,7,100.0,14,2,14.3
berbew,5f29f9344d49a08693ee3ba9487aacbd639bba3401d2ba2a489fae06188e3d2b,223,200,19,4,0,0,171,2,48,29,60.42,21.52,91.32,89.7,201,90.1,223,200,19,4,0,13,9,69.2,13,11,84.6,0,0,0.0,6,6,100.0,14,2,14.3
berbew,61f786db1048e1308e88849c3d35c969b05b30c067a76844f7b6da1f3143c373,225,201,20,4,0,0,171,2,50,30,60.0,22.22,90.95,89.3,202,89.8,225,201,20,4,0,13,9,69.2,14,11,78.6,0,0,0.0,7,7,100.0,14,2,14.3
berbew,64845c9c43da2e93c166d366c3a77dc8c670dc0a3704baaa37f7f7963ba82a42,225,201,20,4,0,0,171,2,50,30,60.0,22.22,90.95,89.3,202,89.8,225,201,20,4,0,13,9,69.2,14,11,78.6,0,0,0.0,7,7,100.0,14,2,14.3
berbew,696f47888aad1242ac423fede0683351e06308f5cd3d43334915d11c6364aeef,225,201,20,4,0,0,171,2,50,30,60.0,22.22,90.95,89.3,202,89.8,225,201,20,4,0,13,9,69.2,14,11,78.6,0,0,0.0,7,7,100.0,14,2,14.3
berbew,69c942d670a20067db24dd64e71f7daeac8d8e597b1d61d3cfc71d5ab1099008,227,204,19,4,0,0,171,2,52,33,63.46,22.91,91.48,89.9,205,90.3,227,204,19,4,0,13,9,69.2,13,11,84.6,0,0,0.0,6,6,100.0,14,2,14.3
berbew,70185d22aaf767974a58db0d610908c2b8a8661e313d3a180acf49af8c319eb0,225,202,19,4,0,0,171,2,50,31,62.0,22.22,91.4,89.8,203,90.2,225,202,19,4,0,13,9,69.2,13,11,84.6,0,0,0.0,6,6,100.0,14,2,14.3
berbew,74db1dbc8ffd0ba150291ff5fb06090d1a9914f86221986338e701a03796a9a3,222,198,20,4,0,0,171,2,47,27,57.45,21.17,90.83,89.2,199,89.6,222,198,20,4,0,13,9,69.2,14,11,78.6,0,0,0.0,4,4,100.0,14,2,14.3
berbew,758b3b8dd07063ad137c374abca4b5c9501364ad0ecc7958bc0c3968e0019813,225,201,20,4,0,0,171,2,50,30,60.0,22.22,90.95,89.3,202,89.8,225,201,20,4,0,13,9,69.2,14,11,78.6,0,0,0.0,7,7,100.0,14,2,14.3
berbew,75f5d526210688ec3b5bdfd14ff472998de28aaa6e5986e9aa2cadfff421f0cc,223,202,17,4,0,0,171,2,48,31,64.58,21.52,92.24,90.6,203,91.0,223,202,17,4,0,13,11,84.6,13,11,84.6,0,0,0.0,6,6,100.0,14,2,14.3
berbew,7b94abe0081c00861191367444711223f44aa49697a4ab60c51e9fad3b2d7e8e,223,200,19,4,0,0,172,2,47,28,59.57,21.08,91.32,89.7,201,90.1,223,200,19,4,0,13,9,69.2,13,11,84.6,0,0,0.0,5,5,100.0,14,2,14.3
berbew,7c82fe001684b4ab1b6f60e86c861e31cc10d2ff2435a42c70354d6d4db65bf0,222,198,20,4,0,0,171,2,47,27,57.45,21.17,90.83,89.2,199,89.6,222,198,20,4,0,13,9,69.2,14,11,78.6,0,0,0.0,4,4,100.0,14,2,14.3
berbew,7eb7dce331e5739a87a4b6676c4d9d9f909350856c0b96a7e7d79ec3a63bb19c,221,198,19,4,0,0,171,2,46,27,58.7,20.81,91.24,89.6,199,90.0,221,198,19,4,0,13,9,69.2,13,11,84.6,0,0,0.0,4,4,100.0,14,2,14.3
berbew,80cb8bfe24cba5d53bf6f98807b0436fd84ce931e3f83c0930633f6b1d321f45,222,199,19,4,0,0,171,2,47,28,59.57,21.17,91.28,89.6,200,90.1,222,199,19,4,0,13,9,69.2,13,11,84.6,0,0,0.0,5,5,100.0,14,2,14.3
berbew,89a6b355f930abb3c0dd2a87d9d00659acd633d764c427d161ad126729ba3c8e,223,200,19,4,0,0,171,2,48,29,60.42,21.52,91.32,89.7,201,90.1,223,200,19,4,0,13,9,69.2,13,11,84.6,0,0,0.0,6,6,100.0,14,2,14.3
berbew,8c4eab9a79b1d3b68bbf87936431813dba5a13b2539238000e3f5e0388b3c52d,223,200,19,4,0,0,171,2,48,29,60.42,21.52,91.32,89.7,201,90.1,223,200,19,4,0,13,9,69.2,13,11,84.6,0,0,0.0,6,6,100.0,14,2,14.3
berbew,8c75d615da5a580292ec6bf14310c654d4fbfc01d0b98d5729307c5522c99ead,222,199,19,4,0,0,171,2,47,28,59.57,21.17,91.28,89.6,200,90.1,222,199,19,4,0,13,9,69.2,13,11,84.6,0,0,0.0,5,5,100.0,14,2,14.3
berbew,8c824fb00f1d042ec0cb6ed5748be3558fc7186d48183160bc50ee03478909a9,224,201,19,4,0,0,171,2,49,30,61.22,21.88,91.36,89.7,202,90.2,224,201,19,4,0,13,9,69.2,13,11,84.6,0,0,0.0,7,7,100.0,14,2,14.3
berbew,912e8fc9e21b57d90a23ff295b45bb237524f6a68b89016a5bb6022566ef4694,223,200,19,4,0,0,171,2,48,29,60.42,21.52,91.32,89.7,201,90.1,223,200,19,4,0,13,9,69.2,13,11,84.6,0,0,0.0,6,6,100.0,14,2,14.3
berbew,916e2706fabf8c1c5146acae716825d5e998d7ce68d0759275f9b3951737a382,223,200,19,4,0,0,171,2,48,29,60.42,21.52,91.32,89.7,201,90.1,223,200,19,4,0,13,9,69.2,13,11,84.6,0,0,0.0,6,6,100.0,14,2,14.3
berbew,96a04244c0dc4d51570d30dca5735a483e452490bdef1537909eaecfd9df8bad,226,202,20,4,0,0,171,2,51,31,60.78,22.57,90.99,89.4,203,89.8,226,202,20,4,0,13,9,69.2,14,11,78.6,0,0,0.0,8,8,100.0,14,2,14.3
berbew,9ac7de9fa73baf30f49e47691c779f6ba7077ee40e2308cb4111bbb4d2fac446,228,204,20,4,0,0,171,2,53,33,62.26,23.25,91.07,89.5,205,89.9,228,204,20,4,0,13,9,69.2,14,11,78.6,0,0,0.0,10,10,100.0,14,2,14.3
berbew,9e22f70a594fd99e327c16d143c71b9788a28175c0d2fae5ce9ddba535d6e9b9,224,202,18,4,0,0,171,2,49,31,63.27,21.88,91.82,90.2,203,90.6,224,202,18,4,0,13,11,84.6,14,11,78.6,0,0,0.0,6,6,100.0,14,2,14.3
berbew,a5835186d180e177ded338733cecf2f6c3d63342490ca7869c5bcd6e20955a7e,225,201,20,4,0,0,171,2,50,30,60.0,22.22,90.95,89.3,202,89.8,225,201,20,4,0,13,9,69.2,14,11,78.6,0,0,0.0,7,7,100.0,14,2,14.3
berbew,a59bdc5443bdcbcf72e87019d8af00075f4dfa00115710d01d1b0d5ec55fc9f7,222,199,19,4,0,0,172,2,46,27,58.7,20.72,91.28,89.6,200,90.1,222,199,19,4,0,13,9,69.2,13,11,84.6,0,0,0.0,4,4,100.0,14,2,14.3
berbew,a845654b1ea084e5844789b964f145e0ef9c0e7cf24cd831691b03bb1666261a,225,201,20,4,0,0,171,2,50,30,60.0,22.22,90.95,89.3,202,89.8,225,201,20,4,0,13,9,69.2,14,11,78.6,0,0,0.0,7,7,100.0,14,2,14.3
berbew,a8d196c51c4961d45b3ebc3ba7a32054ad0ec59f3f81790e4a537873fb8d4501,225,201,20,4,0,0,171,2,50,30,60.0,22.22,90.95,89.3,202,89.8,225,201,20,4,0,13,9,69.2,14,11,78.6,0,0,0.0,7,7,100.0,14,2,14.3
berbew,ab3fa819210d1a84770ff7ecf73598fcee2585ec1aa2eb2052b92f67bf07c08b,222,199,19,4,0,0,171,2,47,28,59.57,21.17,91.28,89.6,200,90.1,222,199,19,4,0,13,9,69.2,13,11,84.6,0,0,0.0,5,5,100.0,14,2,14.3
berbew,ac24f8ec2c88437a288f000db635cd612f18a0972c5415958f1c1fbb80018c8e,222,199,19,4,0,0,170,2,48,29,60.42,21.62,91.28,89.6,200,90.1,222,199,19,4,0,13,9,69.2,13,11,84.6,0,0,0.0,5,5,100.0,14,2,14.3
berbew,ac66fb6b4319ec1033c63ffb6e27676f939ac615ba29b094949f5df8a492f4be,226,202,20,4,0,0,171,2,51,31,60.78,22.57,90.99,89.4,203,89.8,226,202,20,4,0,13,9,69.2,14,11,78.6,0,0,0.0,8,8,100.0,14,2,14.3
berbew,ad9f81ae42650d4fa474648921b934421cf3c0e71d5606d44fb0961f5ad3f09c,224,200,20,4,0,0,171,2,49,29,59.18,21.88,90.91,89.3,201,89.7,224,200,20,4,0,13,9,69.2,14,11,78.6,0,0,0.0,6,6,100.0,14,2,14.3
berbew,addb903a5cdc8b17014ad222bcdc1e62a9e9784222c477225122f1c0d966b8e2,223,200,19,4,0,0,171,2,48,29,60.42,21.52,91.32,89.7,201,90.1,223,200,19,4,0,13,9,69.2,13,11,84.6,0,0,0.0,6,6,100.0,14,2,14.3
berbew,aed69e53d36c0b3e02d110110ec4343b85044410fdc494c371df3e5d651e5771,225,201,20,4,0,0,171,2,50,30,60.0,22.22,90.95,89.3,202,89.8,225,201,20,4,0,13,9,69.2,14,11,78.6,0,0,0.0,7,7,100.0,14,2,14.3
berbew,b0905ce30d775ea36e56600a5dfede32727716f7f60f0e30d1e41d23d2c50413,231,203,24,4,0,0,172,2,55,31,56.36,23.81,89.43,87.9,204,88.3,231,203,24,4,0,13,9,69.2,14,11,78.6,0,0,0.0,8,8,100.0,18,2,11.1
berbew,b711885ba9a070243aaec26b8da73633296905fbadade64f2b34e0af3aa3ff09,224,200,20,4,0,0,171,2,49,29,59.18,21.88,90.91,89.3,201,89.7,224,200,20,4,0,13,9,69.2,14,11,78.6,0,0,0.0,6,6,100.0,14,2,14.3
berbew,ba3f6dc0f0b31ea4794ebb84eccca2d499772ad55f702f8deb547600e0e30a60,224,200,20,4,0,0,171,2,49,29,59.18,21.88,90.91,89.3,201,89.7,224,200,20,4,0,13,9,69.2,14,11,78.6,0,0,0.0,6,6,100.0,14,2,14.3
berbew,c07fe7f4d6790f1e4fa2580e0f779d2d344f6268632bd4131b662de04312db2b,225,201,20,4,0,0,172,2,49,29,59.18,21.78,90.95,89.3,202,89.8,225,201,20,4,0,13,9,69.2,14,11,78.6,0,0,0.0,6,6,100.0,14,2,14.3
berbew,c13acbb349483dd9ae57a7262f974fd0611a863ebb17226bfd10299c5e0e1508,221,198,19,4,0,0,171,2,46,27,58.7,20.81,91.24,89.6,199,90.0,221,198,19,4,0,13,9,69.2,13,11,84.6,0,0,0.0,4,4,100.0,14,2,14.3
berbew,c3ecaf62b025c562aeabb5e9fec3fa52ad1a9ec1a6c341e3dafe6f981ae3aa1f,225,201,20,4,0,0,171,2,50,30,60.0,22.22,90.95,89.3,202,89.8,225,201,20,4,0,13,9,69.2,14,11,78.6,0,0,0.0,7,7,100.0,14,2,14.3
berbew,ca4e2a187d6ba7bef715f3a9c8a9881cff2bced9c96e25aa25dfdaafd2a09c71,223,202,17,4,0,0,172,2,47,30,63.83,21.08,92.24,90.6,203,91.0,223,202,17,4,0,13,11,84.6,13,11,84.6,0,0,0.0,5,5,100.0,14,2,14.3
berbew,d03e4e378c4e0ff2e2830cfcb956881123d1dd8734031ec7e7de7a98bcb347e4,220,199,17,4,0,0,171,2,45,28,62.22,20.45,92.13,90.5,200,90.9,220,199,17,4,0,13,11,84.6,13,11,84.6,0,0,0.0,3,3,100.0,14,2,14.3
berbew,d2e5f2005e827ea3f7a20fff918f4ee49f3a4fa750b8c8e44970d4be93f3c1b9,225,201,20,4,0,0,171,2,50,30,60.0,22.22,90.95,89.3,202,89.8,225,201,20,4,0,13,9,69.2,14,11,78.6,0,0,0.0,7,7,100.0,14,2,14.3
berbew,d4b198f014e623ec7e32f2af30afec3e5bced35f3b5231b6add151fde6ce76cb,223,200,19,4,0,0,171,2,48,29,60.42,21.52,91.32,89.7,201,90.1,223,200,19,4,0,13,9,69.2,13,11,84.6,0,0,0.0,6,6,100.0,14,2,14.3
berbew,d543feebe566d610090e949d9be2c2a0a976713c5f1a3baf8ebce3424cc0e7eb,224,200,20,4,0,0,171,2,49,29,59.18,21.88,90.91,89.3,201,89.7,224,200,20,4,0,13,9,69.2,14,11,78.6,0,0,0.0,6,6,100.0,14,2,14.3
berbew,d6602bd16c871013dada2ef29a372e9b4cefe9a23bbcb1206969ce8a97c1c909,224,202,18,4,0,0,171,2,49,31,63.27,21.88,91.82,90.2,203,90.6,224,202,18,4,0,13,11,84.6,14,11,78.6,0,0,0.0,6,6,100.0,14,2,14.3
berbew,d72e884b952f84bb39cfc2dce9ff6307c50c8e29ccfb6ec9899d57cb1ace7c19,223,200,19,4,0,0,171,2,48,29,60.42,21.52,91.32,89.7,201,90.1,223,200,19,4,0,13,9,69.2,13,11,84.6,0,0,0.0,6,6,100.0,14,2,14.3
berbew,d80231122da339080d83990f1ca074a16fab25fc9ea46e775e6dc900b9f1a217,225,201,20,4,0,0,171,2,50,30,60.0,22.22,90.95,89.3,202,89.8,225,201,20,4,0,13,9,69.2,14,11,78.6,0,0,0.0,7,7,100.0,14,2,14.3
berbew,d839fa66310d468d1aa039a5f526461b3269b2933af5d8e347713b88b65d2eab,224,200,20,4,0,0,171,2,49,29,59.18,21.88,90.91,89.3,201,89.7,224,200,20,4,0,13,9,69.2,14,11,78.6,0,0,0.0,6,6,100.0,14,2,14.3
berbew,e00aa4f0b9e16bd4ba7a632ae8cceb61fee562f38b4341e94efcb02f8974f7ab,222,199,19,4,0,0,171,2,47,28,59.57,21.17,91.28,89.6,200,90.1,222,199,19,4,0,13,9,69.2,13,11,84.6,0,0,0.0,5,5,100.0,14,2,14.3
berbew,e0aea7f8e5095ae0c9ea563bfc1a2d1f9f5dda9546915bd3c1e0c53b54d93b67,222,199,19,4,0,0,171,2,47,28,59.57,21.17,91.28,89.6,200,90.1,222,199,19,4,0,13,9,69.2,13,11,84.6,0,0,0.0,5,5,100.0,14,2,14.3
berbew,e1f2a3d76d0a1fe1c35d176de91e9b7ed555832a1e709849d3a26515cd6e4074,227,203,20,4,0,0,172,2,51,31,60.78,22.47,91.03,89.4,204,89.9,227,203,20,4,0,13,9,69.2,14,11,78.6,0,0,0.0,8,8,100.0,14,2,14.3
berbew,e514d7cdb896e7ee97f8310541832c2091e3ec3d927c916b1fdfa5454e5e075c,223,199,20,4,0,0,170,2,49,29,59.18,21.97,90.87,89.2,200,89.7,223,199,20,4,0,13,9,69.2,14,11,78.6,0,0,0.0,5,5,100.0,14,2,14.3
berbew,ea20c9f47e00720b65e73ad87835d374b8d38cc489d032137460bdb9d5ad364b,223,199,20,4,0,0,171,2,48,28,58.33,21.52,90.87,89.2,200,89.7,223,199,20,4,0,13,9,69.2,14,11,78.6,0,0,0.0,5,5,100.0,14,2,14.3
berbew,ecb2b8493578de15f9519f48e86273caa9645e83d61449418500ccb382df8102,225,201,20,4,0,0,171,2,50,30,60.0,22.22,90.95,89.3,202,89.8,225,201,20,4,0,13,9,69.2,14,11,78.6,0,0,0.0,7,7,100.0,14,2,14.3
berbew,ee576432b2a001d963788d04fcaa062866a6efd5c0d177cdeb65f4d6f88874a1,224,201,19,4,0,0,172,2,48,29,60.42,21.43,91.36,89.7,202,90.2,224,201,19,4,0,13,9,69.2,13,11,84.6,0,0,0.0,6,6,100.0,14,2,14.3
berbew,eed87448a4caa1c506cf7526499c3fa4c58d47c563aa4f7c6789833deb2aff9d,223,200,19,4,0,0,171,2,48,29,60.42,21.52,91.32,89.7,201,90.1,223,200,19,4,0,13,9,69.2,13,11,84.6,0,0,0.0,6,6,100.0,14,2,14.3
berbew,f184dfabf1e52ab04d3e14e4aeffca61bde5ff3975a75624856ec6c524770fd2,222,199,19,4,0,0,171,2,47,28,59.57,21.17,91.28,89.6,200,90.1,222,199,19,4,0,13,9,69.2,13,11,84.6,0,0,0.0,5,5,100.0,14,2,14.3
berbew,f3bbe499b2ed3de7a2389c925b484f8d999afbdc00a47085a1f9d91f4e50abd9,226,202,20,4,0,0,171,2,51,31,60.78,22.57,90.99,89.4,203,89.8,226,202,20,4,0,13,9,69.2,14,11,78.6,0,0,0.0,8,8,100.0,14,2,14.3
berbew,f52561f87032bc0de3a5a1f005e26682d1af83c3bf802b67587d37fe518f3938,221,198,19,4,0,0,171,2,46,27,58.7,20.81,91.24,89.6,199,90.0,221,198,19,4,0,13,9,69.2,13,11,84.6,0,0,0.0,4,4,100.0,14,2,14.3
berbew,f9d7575b4c161dac37a30afc9e10a3b5ccc3e9040acea23caa0b5cb921fd6f26,225,204,17,4,0,0,172,2,49,32,65.31,21.78,92.31,90.7,205,91.1,225,204,17,4,0,13,11,84.6,13,11,84.6,0,0,0.0,7,7,100.0,14,2,14.3
berbew,f9da26eaaabd42f4dadc0298b1e8b3efaa737a90f9e9154344cf635512337204,224,200,20,4,0,0,171,2,49,29,59.18,21.88,90.91,89.3,201,89.7,224,200,20,4,0,13,9,69.2,14,11,78.6,0,0,0.0,6,6,100.0,14,2,14.3
berbew,faa23c1ee5b20d2cd6b64c7cac7cfe8a436035bcaf54c00c9e25502500b32a48,225,201,20,4,0,0,171,2,50,30,60.0,22.22,90.95,89.3,202,89.8,225,201,20,4,0,13,9,69.2,14,11,78.6,0,0,0.0,7,7,100.0,14,2,14.3
berbew,fc93536fd62ceb0ddd535405efc3c3e63e9074ae7e123f0524afe89da5126199,223,199,20,4,0,0,171,2,48,28,58.33,21.52,90.87,89.2,200,89.7,223,199,20,4,0,13,9,69.2,14,11,78.6,0,0,0.0,5,5,100.0,14,2,14.3
berbew,fccfe1a856f4e41df74798b4e50c4c2ae2f3adb32f914e87050118d16bb719c2,225,201,20,4,0,0,171,2,50,30,60.0,22.22,90.95,89.3,202,89.8,225,201,20,4,0,13,9,69.2,14,11,78.6,0,0,0.0,7,7,100.0,14,2,14.3
berbew,fedccd9f004282072b99255906debfdb2f7d7eb6e0e7f85703168460e5619e98,225,201,20,4,0,0,171,2,50,30,60.0,22.22,90.95,89.3,202,89.8,225,201,20,4,0,13,9,69.2,14,11,78.6,0,0,0.0,7,7,100.0,14,2,14.3
dacic,00572c76c29eb5c5bb329f1793ee806d2418a48013ed111f3e129df6514b4768,1215,884,296,33,2,0,424,29,758,463,61.08,62.39,74.79,72.8,954,78.5,1215,884,296,33,2,218,168,77.1,76,29,38.2,0,0,0.0,264,238,90.2,176,10,5.7
dacic,09c8dc4d5e6b4db57ad2b51e06371b4602a2c111ad246d306597e62626774d9b,1237,892,312,32,1,0,450,30,755,446,59.07,61.03,74.02,72.1,967,78.2,1237,892,312,32,1,216,158,73.1,76,29,38.2,0,0,0.0,258,232,89.9,176,10,5.7
dacic,0a78372be2b5ab85e1d96724f0efdb2bd32068f706cbfc24e9686e3e5eb153d7,1091,760,294,35,2,0,384,31,672,378,56.25,61.59,71.97,69.7,820,75.2,1091,760,294,35,2,229,141,61.6,67,24,35.8,0,0,0.0,220,194,88.2,144,9,6.2
dacic,0b8b5b72d071272dbb0dcdbcc700cb18d2329bb068235f62966f091cfca9cf5e,998,680,285,32,1,0,339,29,627,343,54.7,62.83,70.39,68.1,744,74.5,998,680,285,32,1,197,119,60.4,67,24,35.8,0,0,0.0,207,181,87.4,144,9,6.2
dacic,0b9e0e83acee7ab498b242a8dce58735b02700ab373be071703a45c6316ee373,1011,714,262,33,2,0,341,29,637,375,58.87,63.01,73.01,70.6,778,77.0,1011,714,262,33,2,199,143,71.9,67,24,35.8,0,0,0.0,215,189,87.9,144,9,6.2
dacic,0bce4456cd90916a93216ae49792af6fc2f0600ee1d80575b5c173c78c44efef,1177,827,311,35,4,0,406,33,736,424,57.61,62.53,72.42,70.3,896,76.1,1177,827,311,35,4,203,134,66.0,76,29,38.2,0,0,0.0,259,233,90.0,175,10,5.7
dacic,0c3fce62334aedd09a19b36f3b63a4cca505771f8aec9d8cadfc7c03951c379f,999,714,249,35,1,0,335,33,629,381,60.57,62.96,74.07,71.5,778,77.9,999,714,249,35,1,197,155,78.7,67,24,35.8,0,0,0.0,209,183,87.6,144,9,6.2
dacic,0d945616110f54065b95a62dbac52fb40fff8ee26551823bd13bb7b0ea92d1a6,1036,710,285,39,2,0,352,35,645,361,55.97,62.26,71.21,68.5,772,74.5,1036,710,285,39,2,214,136,63.6,67,24,35.8,0,0,0.0,208,182,87.5,144,9,6.2
dacic,0e00e8157db7cc8931cf06576c7f3b8b6996d6354db317700743afdf2f8614f2,1209,886,279,39,5,0,415,35,755,474,62.78,62.45,75.73,73.3,955,79.0,1209,886,279,39,5,218,182,83.5,76,29,38.2,0,0,0.0,262,236,90.1,176,10,5.7
dacic,11e57bae7aec9f5a36591bec5dc807a40a894f87440374a8fbe932aa89e76672,1215,887,288,37,3,0,426,35,752,464,61.7,61.89,75.3,73.0,957,78.8,1215,887,288,37,3,216,172,79.6,76,29,38.2,0,0,0.0,260,235,90.4,176,10,5.7
dacic,17d776972be1a94d16d6077b9c6e6510a3c79b864406646eddce9024b401734a,1048,740,267,39,2,0,356,35,653,386,59.11,62.31,73.34,70.6,802,76.5,1048,740,267,39,2,214,153,71.5,67,24,35.8,0,0,0.0,216,190,88.0,144,9,6.2
dacic,1938464d49f08ecafb8a440c9258efa43b76fd3fe5e861e30286e4b656a1954c,531,236,280,15,0,0,136,15,380,105,27.63,71.56,45.74,44.4,359,67.6,531,236,280,15,0,46,42,91.3,16,10,62.5,0,0,0.0,34,33,97.1,276,12,4.3
dacic,1aaccb0fb9bdb09c7ed85ff7c64e97d3687221fd3c5b7e94818ebfefd648c372,1182,833,308,37,4,0,407,33,738,429,58.13,62.44,72.75,70.5,904,76.5,1182,833,308,37,4,203,138,68.0,76,29,38.2,0,0,0.0,260,234,90.0,176,10,5.7
dacic,2296a099200f95622eb1e72db3ebfa702696d213313b1ffd6361451352b9fed2,1246,878,324,41,3,0,435,37,770,446,57.92,61.8,72.86,70.5,946,75.9,1246,878,324,41,3,233,154,66.1,76,29,38.2,0,0,0.0,261,235,90.0,176,10,5.7
dacic,247bcc205dd8529410b60fa825ff029deacf25bf9f93f55a131bdda470dbd4e3,1213,884,288,39,2,0,419,35,755,468,61.99,62.24,75.3,72.9,951,78.4,1213,884,288,39,2,220,176,80.0,76,29,38.2,0,0,0.0,261,235,90.0,175,10,5.7
dacic,25bee31eda4859c5264cc757168bf142c4ca6fbda261a674f1b787f3d8dfa9ac,64259,63251,946,44,18,0,22648,39,41567,40615,97.71,64.69,98.5,98.4,62255,96.9,64259,63251,946,44,18,287,203,70.7,746,415,55.6,0,0,0.0,35335,35299,99.9,526,47,8.9
dacic,26dc0b5d0a036bc6a13e4051f3d9f0a4dd396a12d5219efbbc239ee397470582,1210,870,297,39,4,0,417,35,754,457,60.61,62.31,74.3,71.9,939,77.6,1210,870,297,39,4,218,165,75.7,76,29,38.2,0,0,0.0,259,233,90.0,176,10,5.7
dacic,26ef7d8514bc10aa679a5990102d26ead172eace34db9c8d0c743745a5aa07e1,1207,855,311,39,2,0,416,35,752,442,58.78,62.3,73.2,70.8,924,76.6,1207,855,311,39,2,218,152,69.7,76,29,38.2,0,0,0.0,259,233,90.0,176,10,5.7
dacic,28bd947b72e6d87ff49f9fb5498e907a33d8db92ca50c07ae2f90b1480f9427d,1030,742,248,37,3,0,352,35,641,392,61.15,62.23,74.72,72.0,804,78.1,1030,742,248,37,3,212,169,79.7,67,24,35.8,0,0,0.0,206,180,87.4,144,9,6.2
dacic,2a1dcd9269c03dc2b0c71d2383decdf8f3cfb7ad82ca0b8745e1c7e01322f60d,1238,897,297,39,5,0,429,37,770,471,61.17,62.2,74.81,72.5,964,77.9,1238,897,297,39,5,231,178,77.1,76,29,38.2,0,0,0.0,264,238,90.2,176,10,5.7
dacic,2e9779717b5e65c796049ff6d2ed6db84e4872499536e854b8d0661be31f6ea1,966,671,264,29,2,0,328,27,609,346,56.81,63.04,71.61,69.5,737,76.3,966,671,264,29,2,182,125,68.7,67,24,35.8,0,0,0.0,204,178,87.3,144,9,6.2
dacic,30464e3a6341ab562b287697b6210282b1408f2fb24c742e241e78fe592ef0b4,1008,724,250,33,1,0,343,29,632,383,60.6,62.7,74.26,71.8,788,78.2,1008,724,250,33,1,199,156,78.4,67,24,35.8,0,0,0.0,210,184,87.6,144,9,6.2
dacic,31ea356f3b694f62fec8add489c3b3347fe9d69d0f6a5eeec733fb5819665f7c,1052,749,265,37,1,0,352,35,663,399,60.18,63.02,73.79,71.2,811,77.1,1052,749,265,37,1,212,154,72.6,67,24,35.8,0,0,0.0,228,202,88.6,144,9,6.2
dacic,32dae8e1186ad86ba93b63f5abfddda1de347c5eb3bc7b90b50176e64161e29b,1011,708,264,34,5,0,342,30,635,368,57.95,62.81,72.47,70.0,772,76.4,1011,708,264,34,5,201,140,69.7,67,24,35.8,0,0,0.0,211,185,87.7,144,9,6.2
dacic,3377fedc80565206bfbada25601781baec5bbcd71f666f425d572de7495bea58,231,191,29,11,0,0,115,8,105,80,76.19,45.45,86.82,82.7,192,83.1,231,191,29,11,0,43,39,90.7,19,12,63.2,0,0,0.0,23,21,91.3,15,4,26.7
dacic,338ce8ce57deeb62e1164f8772c781d13629696bae8b55e6f5639fda0e393770,1219,890,294,32,3,0,432,30,755,462,61.19,61.94,74.98,73.0,960,78.8,1219,890,294,32,3,216,168,77.8,76,29,38.2,0,0,0.0,263,237,90.1,176,10,5.7
dacic,34e78f36a98dc9f1099dee38e7c9611dde7764e045b27949243b46b8084b6241,996,681,277,35,3,0,337,33,624,346,55.45,62.65,70.86,68.4,745,74.8,996,681,277,35,3,197,125,63.5,67,24,35.8,0,0,0.0,204,178,87.3,144,9,6.2
dacic,351827392674c7f8f06f0c10bbc9d89418d70b67aba8290db4206f7c084fba96,1207,873,293,39,2,0,416,35,752,460,61.17,62.3,74.74,72.3,942,78.0,1207,873,293,39,2,218,170,78.0,76,29,38.2,0,0,0.0,259,233,90.0,176,10,5.7
dacic,37477e72d9e04e3c83d9ee2c82a08e203f93049e4be824d9243148817035aac7,1137,807,291,33,6,0,391,31,713,418,58.63,62.71,73.1,71.0,880,77.4,1137,807,291,33,6,186,137,73.7,76,29,38.2,0,0,0.0,252,226,89.7,176,10,5.7
dacic,3950751a9399c4f6ff50c86d7d6a8cd2627d11eba173d450ce966533f8ab8637,1276,909,322,42,3,0,446,38,788,466,59.14,61.76,73.66,71.2,974,76.3,1276,909,322,42,3,248,170,68.5,76,29,38.2,0,0,0.0,265,239,90.2,176,10,5.7
dacic,3bc59edd65398021e2e50c9d93be886f1a666490e793301a2442ed79591b1c22,1168,836,293,35,4,0,399,33,734,441,60.08,62.84,73.79,71.6,906,77.6,1168,836,293,35,4,201,149,74.1,76,29,38.2,0,0,0.0,260,235,90.4,175,10,5.7
dacic,4135d17fff53496c91c68c5a225b5554551ec52f7f95f497c5f4f3e814ee7a5a,1221,866,312,39,4,0,429,35,753,440,58.43,61.67,73.27,70.9,936,76.7,1221,866,312,39,4,218,150,68.8,76,29,38.2,0,0,0.0,259,233,90.0,176,10,5.7
dacic,4388915e6acd4018cd026022905ab36a19d4a843cc394b0b806436c00c136131,1026,733,255,37,1,0,348,35,641,387,60.37,62.48,74.12,71.4,795,77.5,1026,733,255,37,1,212,164,77.4,67,24,35.8,0,0,0.0,206,180,87.4,144,9,6.2
dacic,449332bd51e3631a2658b2146c3db895ebb84b07d97dd0f7ca43df572a160663,1176,833,303,35,5,0,407,33,734,428,58.31,62.41,73.01,70.8,904,76.9,1176,833,303,35,5,201,141,70.1,76,29,38.2,0,0,0.0,258,232,89.9,176,10,5.7
dacic,4838c5ba6ccb7600ce2dc821323b9a7a0bc71b7ec39f9d1d267275370400580f,1235,901,292,39,3,0,436,35,760,468,61.58,61.54,75.33,73.0,973,78.8,1235,901,292,39,3,218,173,79.4,76,29,38.2,0,0,0.0,262,236,90.1,176,10,5.7
dacic,4ae6b88f37a758e1f98f008d551ae0dc19692a34f45bef8dba0e10ef77eae819,1000,694,269,35,2,0,337,33,628,359,57.17,62.8,71.92,69.4,758,75.8,1000,694,269,35,2,197,134,68.0,67,24,35.8,0,0,0.0,208,182,87.5,144,9,6.2
dacic,4ca3db2d6f45f610132a95c45977b0099aa51d269f5c7561f61edc944d03fdbe,1009,701,268,37,3,0,337,33,635,366,57.64,62.93,72.12,69.5,765,75.8,1009,701,268,37,3,199,136,68.3,67,24,35.8,0,0,0.0,213,187,87.8,144,9,6.2
dacic,4f49a92df988a28bf93d0553434e61fe6ecbee578077cdebfd42217208943a8f,1006,710,257,37,2,0,337,33,632,375,59.34,62.82,73.27,70.6,774,76.9,1006,710,257,37,2,199,148,74.4,67,24,35.8,0,0,0.0,210,184,87.6,144,9,6.2
dacic,50ba95dfcbc98f5308ec4a8498b2cc9ed0446c925c1d2048b26d6d10b40fcd49,1211,835,332,39,5,0,418,35,754,419,55.57,62.26,71.25,69.0,902,74.5,1211,835,332,39,5,220,131,59.5,76,29,38.2,0,0,0.0,259,233,90.0,176,10,5.7
dacic,51aae3785f7a0e11072601f05c6d193b176d147057217c2bd1b0be15ad26bd11,1051,732,279,37,3,0,352,35,662,382,57.7,62.99,72.19,69.6,794,75.5,1051,732,279,37,3,212,138,65.1,67,24,35.8,0,0,0.0,227,201,88.5,144,9,6.2
dacic,53b244a387e902ff0bcc788c8f60f5f9d1bb9d58d2f79c250b521e6589ae2a72,1046,744,260,39,3,0,352,35,655,394,60.15,62.62,73.88,71.1,806,77.1,1046,744,260,39,3,214,158,73.8,67,24,35.8,0,0,0.0,218,193,88.5,144,9,6.2
dacic,54cb81843eab0e282267018c01d854a8d447332647286cd4d0ea5adb08b8642c,2647,2067,561,17,2,0,1170,14,1460,901,61.71,55.16,78.59,78.1,2062,77.9,2647,2067,561,17,2,809,572,70.7,76,29,38.2,0,0,0.0,300,274,91.3,174,8,4.6
dacic,5667eb62dc7625a93993e2739ebe66a9df0b48fde5f64b714dd7cf873f7a2c57,1202,861,302,37,2,0,417,35,748,447,59.76,62.23,73.91,71.6,930,77.4,1202,861,302,37,2,216,159,73.6,76,29,38.2,0,0,0.0,257,231,89.9,176,10,5.7
dacic,576db03ee1d019780613b28d4e0b38d34c8ded44c3261b7ccd6d2df800f30bac,1184,852,292,37,3,0,409,33,738,446,60.43,62.33,74.28,72.0,923,78.0,1184,852,292,37,3,203,155,76.4,76,29,38.2,0,0,0.0,260,234,90.0,176,10,5.7
dacic,6240e62c55e4a57c978f19383d4c606c4fb6c84664dfacd2a790cfc8042f629a,986,687,264,33,2,0,326,31,627,364,58.05,63.59,72.09,69.7,753,76.4,986,687,264,33,2,182,124,68.1,67,24,35.8,0,0,0.0,222,197,88.7,144,9,6.2
dacic,625531bdd6f24b002a100007dfc3e65e45eda6aad388e02690a7fff8b17f856f,967,656,275,33,3,0,326,31,608,333,54.77,62.87,70.24,67.8,723,74.8,967,656,275,33,3,182,113,62.1,67,24,35.8,0,0,0.0,203,177,87.2,144,9,6.2
dacic,631efd523a9a0ce8f58a83bd555dc4757b93ea9e14c69f7fa4eb424f46d698ce,1038,731,264,39,4,0,352,35,647,381,58.89,62.33,73.17,70.4,793,76.4,1038,731,264,39,4,214,154,72.0,67,24,35.8,0,0,0.0,210,184,87.6,144,9,6.2
dacic,63e12a12f0d687a4911b326daaa53f8993c41a736d8e2acfecd79385ff0f503e,1205,869,298,37,1,0,421,35,747,451,60.37,61.99,74.4,72.1,938,77.8,1205,869,298,37,1,216,165,76.4,76,29,38.2,0,0,0.0,256,230,89.8,176,10,5.7
dacic,645d0fa1c48688d3418cb5089e9061b7e835d9d6fb998cff3ff2be0efd865a97,1201,853,307,37,4,0,416,35,748,439,58.69,62.28,73.28,71.0,922,76.8,1201,853,307,37,4,216,152,70.4,76,29,38.2,0,0,0.0,257,231,89.9,176,10,5.7
dacic,6819d6a1c0a41d4ab593335f088e726b5e1187af934a307a7a4db8f1b0d44504,994,718,245,30,1,0,340,28,624,380,60.9,62.78,74.48,72.2,782,78.7,994,718,245,30,1,197,159,80.7,67,24,35.8,0,0,0.0,204,178,87.3,144,9,6.2
dacic,6a4e4247807e5d51f81d6c24548e774c80e28a14c2b5adfc0fe3caafbfef85db,1196,865,290,37,4,0,421,33,738,447,60.57,61.71,74.63,72.3,939,78.5,1196,865,290,37,4,203,159,78.3,76,29,38.2,0,0,0.0,257,231,89.9,176,10,5.7
dacic,6bd38c13596f51d77e5bbd5b23baee4712dcb2ccac16be0935def0c139b1f782,1230,882,307,39,2,0,435,35,756,450,59.52,61.46,74.06,71.7,954,77.6,1230,882,307,39,2,218,159,72.9,76,29,38.2,0,0,0.0,260,234,90.0,176,10,5.7
dacic,6d9635d43fde48b1086d5bdbc4362e3f261156e29352f16b77bc1f5e1e6f9b0c,1036,746,247,39,4,0,350,35,647,398,61.51,62.45,74.82,72.0,808,78.0,1036,746,247,39,4,214,173,80.8,67,24,35.8,0,0,0.0,210,184,87.6,144,9,6.2
dacic,6de497ac28b09468e771ed5dd9249c9d15108f20d00699815d4cc4ca957523e5,1208,853,315,37,3,0,419,35,752,437,58.11,62.25,72.84,70.6,922,76.3,1208,853,315,37,3,216,145,67.1,76,29,38.2,0,0,0.0,261,235,90.0,176,10,5.7
dacic,7547ee2f6f60b388269f0a632455e335c637a5e04aac34d3c8051ee9746b0580,535,242,278,15,0,0,136,15,384,110,28.65,71.78,46.54,45.2,365,68.2,535,242,278,15,0,54,50,92.6,16,10,62.5,0,0,0.0,30,30,100.0,276,12,4.3
dacic,7a48b5018a4f2421d7e6cec6f527fca2c83e5448d89353f76e8929276064288d,1072,767,259,41,5,0,363,37,668,406,60.78,62.31,74.39,71.5,827,77.1,1072,767,259,41,5,229,173,75.5,67,24,35.8,0,0,0.0,216,190,88.0,144,9,6.2
dacic,7e21571894a7636f52acbf9ed01dd00615b5ca7ba7f6777a9456c6ca02a021e0,1006,721,249,35,1,0,337,33,634,386,60.88,63.02,74.25,71.7,785,78.0,1006,721,249,35,1,197,155,78.7,67,24,35.8,0,0,0.0,214,188,87.9,144,9,6.2
dacic,7e859df2e687a2f52c017d91bfaaa587c21741bdbc7d3ebd4e10b3021b6aaa06,1182,852,288,37,5,0,407,33,738,449,60.84,62.44,74.41,72.1,923,78.1,1182,852,288,37,5,203,158,77.8,76,29,38.2,0,0,0.0,258,232,89.9,176,10,5.7
dacic,7f5505ce48d6fc31153e4597b4d25cf1dea7f47cbd01f0baf471156a98c07a0f,994,701,257,35,1,0,335,33,624,368,58.97,62.78,73.1,70.5,766,77.1,994,701,257,35,1,197,147,74.6,67,24,35.8,0,0,0.0,204,178,87.3,144,9,6.2
dacic,8191ee3621f2813c94525f896a56d38d51364791a742820f5be44fe45e308201,1053,760,255,37,1,0,358,35,658,404,61.4,62.49,74.8,72.2,822,78.1,1053,760,255,37,1,212,164,77.4,67,24,35.8,0,0,0.0,223,197,88.3,144,9,6.2
dacic,848f7bff9a36ed98dea7bb5c1a76dcb9f36b696192c15964b876281e4f9a42d2,1178,842,294,37,5,0,401,33,740,445,60.14,62.82,73.79,71.5,912,77.4,1178,842,294,37,5,203,150,73.9,76,29,38.2,0,0,0.0,264,238,90.2,175,10,5.7
dacic,84d9e6c1b43bde466af3f992ad209c73346de750f1d929082d80a174891869c1,1003,716,250,35,2,0,339,33,629,379,60.25,62.71,73.97,71.4,780,77.8,1003,716,250,35,2,197,153,77.7,67,24,35.8,0,0,0.0,209,183,87.6,144,9,6.2
dacic,86723bf16f49ab939b31d3b1a86be8f12313d73f6228776d9dd6f66f5aa9d02e,1059,756,263,38,2,0,352,35,669,406,60.69,63.17,74.05,71.4,818,77.2,1059,756,263,38,2,214,157,73.4,67,24,35.8,0,0,0.0,230,204,88.7,144,9,6.2
dacic,8772fc8b1840eec6da7c98b8f192cd2ce251e803b00d61070f8e93852c95596d,1048,738,269,38,3,0,350,35,660,390,59.09,62.98,73.07,70.4,800,76.3,1048,738,269,38,3,214,150,70.1,67,24,35.8,0,0,0.0,223,197,88.3,144,9,6.2
dacic,8898bea6b5eee87fdcd6c73cc551df02d35ad66ffa87e3d3656cc40ebbb289d5,1032,740,251,39,2,0,348,35,645,395,61.24,62.5,74.52,71.7,802,77.7,1032,740,251,39,2,214,168,78.5,67,24,35.8,0,0,0.0,208,184,88.5,144,9,6.2
dacic,8e09f7598d2092ce134e3dced9a53fc8a76304b7f9bc425f2482338e894ec9c4,1245,888,313,41,3,0,431,37,773,460,59.51,62.09,73.75,71.3,955,76.7,1245,888,313,41,3,233,165,70.8,76,29,38.2,0,0,0.0,263,237,90.1,176,10,5.7
dacic,8e750c5c1c22b36c4de2372f74c221629718b088ba0ca5af4202566ed45d7058,536,242,279,15,0,0,137,15,384,109,28.39,71.64,46.45,45.1,365,68.1,536,242,279,15,0,55,51,92.7,16,10,62.5,0,0,0.0,29,28,96.6,276,12,4.3
dacic,8eeb9e94bda4d3530b0444c7e9ea58f98ea20ca97e8c1d9a7402c2c78eed5127,1011,716,256,37,2,0,339,33,635,379,59.69,62.81,73.51,70.8,780,77.2,1011,716,256,37,2,199,149,74.9,67,24,35.8,0,0,0.0,213,187,87.8,144,9,6.2
dacic,8fbca7923cb48431574fad00efbfc417329ce9c54a93718fb276f7dd3e126d6a,1136,823,265,43,5,0,388,39,705,436,61.84,62.06,75.3,72.4,881,77.6,1136,823,265,43,5,244,184,75.4,67,24,35.8,0,0,0.0,238,212,89.1,144,9,6.2
dacic,93df7bd5db910152fdfc641d2122ad73ef500394889389bbc36b545a73c77195,528,235,278,15,0,0,137,15,376,102,27.13,71.21,45.81,44.5,358,67.8,528,235,278,15,0,42,38,90.5,16,10,62.5,0,0,0.0,34,34,100.0,276,12,4.3
dacic,965631d51583fdbc01be23fd1dea86ed5f88f0e22123cac2b278482170e22751,528,233,280,15,0,0,136,15,377,102,27.06,71.4,45.42,44.1,357,67.6,528,233,280,15,0,46,42,91.3,16,10,62.5,0,0,0.0,32,31,96.9,276,12,4.3
dacic,9cefa122dc924acd29ffee121d7125ec8db1fbb2fb6912c9dd9816a31d552be1,1075,756,284,35,0,0,369,31,671,390,58.12,62.42,72.69,70.3,816,75.9,1075,756,284,35,0,229,155,67.7,67,24,35.8,0,0,0.0,219,193,88.1,144,9,6.2
dacic,a0d902c6fa9c72ca29994af690b6ce4e54c0867d1f165f4d1f95e7151ba629d0,1032,736,262,32,2,0,355,30,645,383,59.38,62.5,73.6,71.3,798,77.3,1032,736,262,32,2,212,156,73.6,67,24,35.8,0,0,0.0,210,184,87.6,144,9,6.2
dacic,a455338ca4abb34cdbfaf39be97ff1e8d87e69ad74496a2f3c6816a25c372cd2,993,694,267,31,1,0,339,29,623,357,57.3,62.74,72.14,69.9,758,76.3,993,694,267,31,1,197,137,69.5,67,24,35.8,0,0,0.0,203,177,87.2,144,9,6.2
dacic,a475e35480cf64419bf279e0fe32add45b189e64c0de4efe2af121b6bd25be9a,1033,749,250,32,2,0,357,30,644,394,61.18,62.34,74.83,72.5,811,78.5,1033,749,250,32,2,212,168,79.2,67,24,35.8,0,0,0.0,209,183,87.6,144,9,6.2
dacic,a61c8c840161d95af5fe65da0759f871e76b23522befb545d4533f2b6a671d7e,1252,907,307,35,3,0,449,31,768,461,60.03,61.34,74.53,72.4,974,77.8,1252,907,307,35,3,233,170,73.0,76,29,38.2,0,0,0.0,260,234,90.0,176,10,5.7
dacic,a62280e2e71c8a41bb327a84855c77743fec95158044cb4dbd2cef207f391386,1313,925,342,43,3,0,464,39,806,464,57.57,61.39,72.83,70.4,988,75.2,1313,925,342,43,3,263,165,62.7,76,29,38.2,0,0,0.0,268,242,90.3,176,10,5.7
dacic,a640111f9f7f966c5140bdb6d82cf1d17005b1daa471f145e2ac0dcaeab5cfdd,995,685,273,35,2,0,335,33,625,353,56.48,62.81,71.35,68.8,749,75.3,995,685,273,35,2,197,131,66.5,67,24,35.8,0,0,0.0,205,179,87.3,144,9,6.2
dacic,af77a2735ded2990162d95726fe71a16935809d90281fc37de5c230ffb688a2f,1092,785,264,41,2,0,363,37,688,425,61.77,63.0,74.69,71.9,845,77.4,1092,785,264,41,2,229,173,75.5,67,24,35.8,0,0,0.0,236,210,89.0,144,9,6.2
dacic,b1bf29398c64c51abb2b27ce8a7b7be2660dd3e618b20cabd0a87ae4f65522e5,532,237,280,15,0,0,136,15,381,106,27.82,71.62,45.84,44.5,360,67.7,532,237,280,15,0,51,47,92.2,16,10,62.5,0,0,0.0,30,29,96.7,276,12,4.3
dacic,b5d34ff4fab3c92a6bced343ffa110ccb4b539f6eafdf6cf5f3fcd8bd481a03a,1038,744,255,39,0,0,350,35,649,397,61.17,62.52,74.47,71.7,806,77.6,1038,744,255,39,0,214,168,78.5,67,24,35.8,0,0,0.0,212,186,87.7,144,9,6.2
dacic,b6ba4dc743796e3579ed504095d83e97dc398c5e874c4ed873ddd17e5cb6f2c3,2959,2159,715,76,9,0,1032,70,1851,1235,66.72,62.55,74.89,73.0,2207,74.6,2959,2159,715,76,9,355,311,87.6,391,183,46.8,0,0,0.0,804,686,85.3,271,27,10.0
dacic,b82d6bf8fdad64ffcb5476914c2f6cdbdb0a28da6d0b16aaea91f8779fd3d68c,527,233,279,15,0,0,137,15,375,100,26.67,71.16,45.51,44.2,356,67.6,527,233,279,15,0,42,38,90.5,16,10,62.5,0,0,0.0,33,32,97.0,276,12,4.3
dacic,bac2e84f45357e8e6951196611f53d85fc6dbed3e4a4230f66dc061a8f1a9c5f,1075,764,266,41,4,0,363,37,671,403,60.06,62.42,73.89,71.1,822,76.5,1075,764,266,41,4,231,168,72.7,67,24,35.8,0,0,0.0,218,192,88.1,143,9,6.3
dacic,bad08f068f6f86162cdb571636edbb9cb2757e492d61ebb46c3e81b26b496c11,532,237,280,15,0,0,137,15,380,105,27.63,71.43,45.84,44.5,360,67.7,532,237,280,15,0,47,43,91.5,16,10,62.5,0,0,0.0,33,32,97.0,276,12,4.3
dacic,c89c0c353fa879cdc5153b0f50a489f8c8c3ab16f4e6314b453389ad3f9fd160,1054,726,283,40,5,0,349,36,665,379,56.99,63.09,71.6,68.9,788,74.8,1054,726,283,40,5,216,136,63.0,67,24,35.8,0,0,0.0,226,200,88.5,144,9,6.2
dacic,ce89ed6a78fb2b028cedb4d8f27c766231fb63e4e0aea4ae771c62fe0009d101,1008,728,239,37,4,0,337,33,634,393,61.99,62.9,74.97,72.2,792,78.6,1008,728,239,37,4,199,164,82.4,67,24,35.8,0,0,0.0,212,186,87.7,144,9,6.2
dacic,ceab78990ea58ce97c15dcc70835a19334162b396fb28361aa6278dbeba9e30b,1100,802,254,41,3,0,365,37,694,439,63.26,63.09,75.73,72.9,862,78.4,1100,802,254,41,3,229,180,78.6,67,24,35.8,0,0,0.0,240,214,89.2,144,9,6.2
dacic,cee4f359e14c61e79ea3a38fa8985b5e41a655672094ac04990944bb2022c7fe,1049,745,264,39,1,0,352,35,658,396,60.18,62.73,73.76,71.0,807,76.9,1049,745,264,39,1,214,158,73.8,67,24,35.8,0,0,0.0,221,195,88.2,144,9,6.2
dacic,d48d6d1b5443ca125ecb9d693d2cddcd933757e5b96cd2c163547f50397f0ab3,1028,731,254,38,5,0,340,34,650,394,60.62,63.23,73.84,71.1,795,77.3,1028,731,254,38,5,201,151,75.1,67,24,35.8,0,0,0.0,224,198,88.4,144,9,6.2
dacic,d7be4b5572be1156934ec5405a07669e699c1c63e94302f73e7ac273ea62639e,1248,905,299,39,5,0,429,35,780,479,61.41,62.5,74.86,72.5,957,76.7,1248,905,299,39,5,215,159,74.0,82,35,42.7,0,0,0.0,282,256,90.8,175,10,5.7
dacic,defa1e5a4b73867527308051567dc6ec58ab0515814fe6ad9a72436149767479,1030,708,284,37,1,0,348,35,645,362,56.12,62.62,71.3,68.7,770,74.8,1030,708,284,37,1,212,135,63.7,67,24,35.8,0,0,0.0,210,184,87.6,144,9,6.2
dacic,e25490e7846e48655bf0339f7713568f40a9f21cf5a97ebdbfc4103d131f1421,32923,30358,2518,32,15,0,21739,30,11152,8620,77.3,33.87,92.3,92.2,29483,89.6,32923,30358,2518,32,15,210,198,94.3,4043,1661,41.1,0,0,0.0,2240,2164,96.6,681,622,91.3
dacic,e418089a72ef6cd4dafb2b7aaa253d23bcac26e908becffb32324dc3cbd2f858,1004,717,250,37,0,0,335,33,632,385,60.92,62.95,74.15,71.4,780,77.7,1004,717,250,37,0,201,160,79.6,67,24,35.8,0,0,0.0,208,182,87.5,144,9,6.2
dacic,ea8ba5e3681fce9182139822df02eb072f3282efea4c8069f7a09752d9c42734,1005,701,265,37,2,0,337,33,631,366,58.0,62.79,72.42,69.8,765,76.1,1005,701,265,37,2,199,140,70.4,67,24,35.8,0,0,0.0,209,183,87.6,144,9,6.2
dacic,ed947bcdfd68e8defec90b566666abda203065d607965773c54795b57383e6c7,342,223,116,3,0,0,183,1,156,40,25.64,45.61,65.78,65.2,221,64.6,342,223,116,3,0,14,13,92.9,16,14,87.5,0,0,0.0,11,11,100.0,115,2,1.7
dacic,f09b8d1e887ec1d21c5e4e8370a08b482de9b4a6d8e49e50432976ceac0cf6aa,1181,853,287,37,4,0,409,33,735,448,60.95,62.24,74.56,72.2,924,78.2,1181,853,287,37,4,203,160,78.8,76,29,38.2,0,0,0.0,257,231,89.9,176,10,5.7
dacic,f47fe978efea0e1fda1529b359277d802daaba1049e64cc0a140bbef6bd0fb7b,1214,874,298,39,3,0,420,35,755,457,60.53,62.19,74.38,72.0,943,77.7,1214,874,298,39,3,218,164,75.2,76,29,38.2,0,0,0.0,262,236,90.1,176,10,5.7
dacic,f91e52f4f44539dc7227e438003285996a0d056e6ecbfcbeafad80ec5daaba3a,1204,838,327,36,3,0,420,35,748,421,56.28,62.13,71.75,69.6,908,75.4,1204,838,327,36,3,216,133,61.6,76,29,38.2,0,0,0.0,256,231,90.2,176,10,5.7
dacic,feba9dbd91e40491ff6ff84c1268514555b80ad62a675e3ac7e63777e04470fb,996,673,283,35,5,0,337,33,624,337,54.01,62.65,70.03,67.6,737,74.0,996,673,283,35,5,197,118,59.9,67,24,35.8,0,0,0.0,204,178,87.3,144,9,6.2
redline,042703d29701d4561a4646dde342cc75c00b4f43380e59af8b773b0928650924,233,198,27,8,0,0,115,8,110,86,78.18,47.21,88.0,85.0,198,85.0,233,198,27,8,0,54,50,92.6,19,12,63.2,0,0,0.0,18,16,88.9,15,4,26.7
redline,067c52b1e38d205d25f5f8bd5778ad6936c87f41bfc5026edd89668826b6223d,527,233,279,15,0,0,137,15,375,100,26.67,71.16,45.51,44.2,356,67.6,527,233,279,15,0,42,38,90.5,16,10,62.5,0,0,0.0,33,32,97.0,276,12,4.3
redline,0690553cc261bc65f59e9237721a0bac4565e01ce547284389da90fe0131900e,269,232,27,10,0,0,116,8,143,119,83.22,53.16,89.58,86.2,232,86.2,269,232,27,10,0,81,77,95.1,19,12,63.2,0,0,0.0,23,21,91.3,15,4,26.7
redline,06a0d2d406cbec6caafff9c6535f9753f5619ad636bc2af06d8b8a55c63e10df,527,233,279,15,0,0,136,15,376,101,26.86,71.35,45.51,44.2,356,67.6,527,233,279,15,0,42,38,90.5,16,10,62.5,0,0,0.0,34,33,97.1,276,12,4.3
redline,0c556f4411fe979215dab0e8f7914e56955a85f9a328f80f1ba65b2c4fb96d8e,242,206,28,8,0,0,115,8,119,94,78.99,49.17,88.03,85.1,206,85.1,242,206,28,8,0,61,57,93.4,19,12,63.2,0,0,0.0,19,17,89.5,15,4,26.7
redline,0d28e85e7e0ececbee2eef6565476ea9438a47b0d47766ae0497c137b821d787,250,212,27,11,0,0,116,8,123,99,80.49,49.2,88.7,84.8,212,84.8,250,212,27,11,0,61,57,93.4,19,12,63.2,0,0,0.0,23,21,91.3,15,4,26.7
redline,0d50503786678c096bb723244ecfdb86ed6877dd14a2e853701b1e6a437e6280,589,234,340,15,0,0,136,15,438,102,23.29,74.36,40.77,39.7,377,64.0,589,234,340,15,0,55,43,78.2,16,10,62.5,0,0,0.0,30,29,96.7,329,12,3.6
redline,106c62ef20516cc7d6d59e3122786fb7e3cf726d98507fb02a2bd3a2d038fdf0,537,234,288,15,0,0,136,15,386,102,26.42,71.88,44.83,43.6,362,67.4,537,234,288,15,0,46,42,91.3,16,10,62.5,0,0,0.0,32,31,96.9,285,12,4.2
redline,121312c1dcf375ac0ba310f43084b4d185639d615b1183c900a483ad16e92094,540,229,296,15,0,0,124,15,401,110,27.43,74.26,43.62,42.4,355,65.7,540,229,296,15,0,55,48,87.3,16,10,62.5,0,0,0.0,27,26,96.3,298,21,7.0
redline,150a59db398fbdb168243dd93fb73b787aca0434cee601ed522bdb74c769215a,240,205,27,8,0,0,115,8,117,93,79.49,48.75,88.36,85.4,205,85.4,240,205,27,8,0,61,57,93.4,19,12,63.2,0,0,0.0,18,16,88.9,15,4,26.7
redline,1551371a8c26e90e3ce229fd4f68351373e6bafcd7cfbe51e4892605bda772d0,522,382,134,6,0,0,64,2,452,320,70.8,86.59,74.03,73.2,377,72.2,522,382,134,6,0,152,128,84.2,4,2,50.0,0,0,0.0,247,175,70.9,44,10,22.7
redline,1a357d5cf7631ee65676a5c822f4dc7b9643f059187b44cd74ce13eebd67c486,232,197,27,8,0,0,115,8,109,85,77.98,46.98,87.95,84.9,197,84.9,232,197,27,8,0,53,49,92.5,19,12,63.2,0,0,0.0,18,16,88.9,15,4,26.7
redline,1c4d996df3ed84f4460ed56e65670bdd09d1d4c4daaf3a03ab7336e63a649534,532,238,279,15,0,0,131,15,386,111,28.76,72.56,46.03,44.7,360,67.7,532,238,279,15,0,57,53,93.0,16,10,62.5,0,0,0.0,29,28,96.6,276,12,4.3
redline,1c504777b4068ad1f5dfded8d823fd3b8ae72430285bb4085cb3c0723e29c4b0,240,203,27,10,0,0,116,8,114,90,78.95,47.5,88.26,84.6,203,84.6,240,203,27,10,0,53,49,92.5,19,12,63.2,0,0,0.0,22,20,90.9,15,4,26.7
redline,1d47bd41def12d086b2acdbd51023127b45dc0ef3b22f5678f8b0c510f79eba6,519,222,282,15,0,0,124,15,380,102,26.84,73.22,44.05,42.8,345,66.5,519,222,282,15,0,41,37,90.2,16,10,62.5,0,0,0.0,31,30,96.8,285,18,6.3
redline,1ff8958025b4a8cf0d57fd39cdccb65d1fdc5de7dd10db4e671e523504559f4a,532,234,283,15,0,0,124,15,393,115,29.26,73.87,45.26,44.0,356,66.9,532,234,283,15,0,55,51,92.7,16,10,62.5,0,0,0.0,29,28,96.6,285,18,6.3
redline,206d89ca9169b1d8cf1df5245d5d04cc61f9cd2ed5ece0d330100ea9a75c9807,527,233,279,15,0,0,137,15,375,100,26.67,71.16,45.51,44.2,356,67.6,527,233,279,15,0,42,38,90.5,16,10,62.5,0,0,0.0,33,32,97.0,276,12,4.3
redline,21660b1afc287fa8ec9a0fb43ed3b1722dfd205018996e7ccecb254f665f8aae,519,220,284,15,0,0,124,15,380,101,26.58,73.22,43.65,42.4,343,66.1,519,220,284,15,0,45,41,91.1,16,10,62.5,0,0,0.0,26,25,96.2,286,18,6.3
redline,25ed98009b3401aeb6775e771964594ff65ad8fd7f0d830da8508a4f3869d437,226,191,27,8,0,0,115,7,103,79,76.7,45.58,87.61,84.5,191,84.5,226,191,27,8,0,45,41,91.1,19,12,63.2,0,0,0.0,19,17,89.5,15,4,26.7
redline,276ec9eac00348bde8a6e767d79db50b6694183d39d1b5b565e6e2bb2b9034f4,523,229,279,15,0,0,136,15,372,97,26.08,71.13,45.08,43.8,353,67.5,523,229,279,15,0,41,37,90.2,16,10,62.5,0,0,0.0,32,31,96.9,276,12,4.3
redline,3403fca65042a5ae331ba942661e3e74f2033090311e0da1ab794e8aedc8c399,527,233,279,15,0,0,136,15,376,101,26.86,71.35,45.51,44.2,357,67.7,527,233,279,15,0,50,46,92.0,16,10,62.5,0,0,0.0,29,28,96.6,276,12,4.3
redline,38ac1b6d0d24f2b5edec5949e87ab80431dc9a11d8cd0d383df58b16018c7273,231,195,28,8,0,0,115,8,108,84,77.78,46.75,87.44,84.4,195,84.4,231,195,28,8,0,52,48,92.3,19,12,63.2,0,0,0.0,18,16,88.9,15,4,26.7
redline,3a448206a36c70cca08b6cc0423cdb1f096c9cb3a99768cae06141f881b4f498,539,246,278,15,0,0,137,15,387,113,29.2,71.8,46.95,45.6,368,68.3,539,246,278,15,0,55,51,92.7,16,10,62.5,0,0,0.0,33,32,97.0,275,12,4.4
redline,3b28a1a02b86837e7e951ee2862634f921e9be6089ce542eaf4b2a1652c8e7bd,257,221,28,8,0,0,115,8,134,110,82.09,52.14,88.76,86.0,221,86.0,257,221,28,8,0,78,74,94.9,19,12,63.2,0,0,0.0,18,16,88.9,15,4,26.7
redline,43e9c97290e39e90c51829a1d85b042c49b7f91b51e99c8a0417aa4fa0d196d7,244,208,28,8,0,0,115,8,121,96,79.34,49.59,88.14,85.2,208,85.2,244,208,28,8,0,61,57,93.4,19,12,63.2,0,0,0.0,21,19,90.5,15,4,26.7
redline,4495ce198dd09c182e507bb6f039f598034d846c6803e7629ad3a582779ecf44,232,197,27,8,0,0,115,8,109,85,77.98,46.98,87.95,84.9,197,84.9,232,197,27,8,0,53,49,92.5,19,12,63.2,0,0,0.0,18,16,88.9,15,4,26.7
redline,48082da80847e58585e043ab9686c490ef4422986cb46d2ea7e61773bf45e056,242,207,27,8,0,0,115,8,119,95,79.83,49.17,88.46,85.5,207,85.5,242,207,27,8,0,61,57,93.4,19,12,63.2,0,0,0.0,19,17,89.5,15,4,26.7
redline,4b62c2296736f0d1d6e0f139d02d9671784b5858b7e428ad966c8162ea2be0d8,229,194,27,8,0,0,115,8,106,82,77.36,46.29,87.78,84.7,194,84.7,229,194,27,8,0,50,46,92.0,19,12,63.2,0,0,0.0,18,16,88.9,15,4,26.7
redline,4d5dcb125af799aff872379946f3a7e2a2385fee1742229be66af19eeacee6c2,232,197,27,8,0,0,115,8,109,85,77.98,46.98,87.95,84.9,197,84.9,232,197,27,8,0,53,49,92.5,19,12,63.2,0,0,0.0,18,16,88.9,15,4,26.7
redline,51d657df512e7cbe199d7cf51ed7ad922c87df41ed039cca89d19f3c97685af0,237,202,28,7,0,0,115,7,115,90,78.26,48.52,87.83,85.2,202,85.2,237,202,28,7,0,58,54,93.1,19,12,63.2,0,0,0.0,18,16,88.9,15,4,26.7
redline,547e1a93a2de0cbf03bba505c7a2739bf5f94aceccc7ffeb473ac63291e78895,245,204,33,8,0,0,115,8,122,92,75.41,49.8,86.08,83.3,205,83.7,245,204,33,8,0,66,56,84.8,19,12,63.2,0,0,0.0,18,16,88.9,15,4,26.7
redline,559aada01f84fe0dc8011fdb8325246ae1468b7286c4bcab518d95f5236a18dc,231,196,27,8,0,0,115,8,108,84,77.78,46.75,87.89,84.8,196,84.8,231,196,27,8,0,52,48,92.3,19,12,63.2,0,0,0.0,18,16,88.9,15,4,26.7
redline,568901e091dada6684cf320abffb23f8413c43b1f71e90ebd55ee9275c3e48de,266,228,27,11,0,0,117,8,138,114,82.61,51.88,89.41,85.7,228,85.7,266,228,27,11,0,77,73,94.8,19,12,63.2,0,0,0.0,22,20,90.9,15,4,26.7
redline,56e8ad2b26b6a68006f90a3a41e44f46a0f8e5f97965bb1a0d98c8274ecc8d0c,232,196,28,8,0,0,115,8,109,85,77.98,46.98,87.5,84.5,196,84.5,232,196,28,8,0,53,49,92.5,19,12,63.2,0,0,0.0,18,16,88.9,15,4,26.7
redline,581ca095c526d9129000fc65b436d202f3e8f7f8b79beba8d3cdc48bd0d5c602,240,205,27,8,0,0,115,8,117,93,79.49,48.75,88.36,85.4,206,85.8,240,205,27,8,0,61,57,93.4,19,12,63.2,0,0,0.0,18,16,88.9,15,4,26.7
redline,58cb16b794f00f8441d07562d6198c804a0cf18eebc9ee192a4973094cc88e4f,229,193,28,8,0,0,115,8,106,82,77.36,46.29,87.33,84.3,193,84.3,229,193,28,8,0,50,46,92.0,19,12,63.2,0,0,0.0,18,16,88.9,15,4,26.7
redline,6b4037a48d116b95097079a9abe02e5ef2dfad10eb1b6d6e3ab1fb8d056fe119,240,205,27,8,0,0,115,8,117,93,79.49,48.75,88.36,85.4,205,85.4,240,205,27,8,0,61,57,93.4,19,12,63.2,0,0,0.0,18,16,88.9,15,4,26.7
redline,6f1ca76d16cf50b6fcf6ce1cff5e3541a6594d8744ffa912bfe1528adc65ab1b,520,226,279,15,0,0,135,15,370,95,25.68,71.15,44.75,43.5,350,67.3,520,226,279,15,0,41,37,90.2,16,10,62.5,0,0,0.0,32,31,96.9,276,12,4.3
redline,6fa15bdf313e766adf5bb28e44c1e5c1024305515b6750ffafe0469d2050ea61,242,206,28,8,0,0,115,8,119,94,78.99,49.17,88.03,85.1,206,85.1,242,206,28,8,0,61,57,93.4,19,12,63.2,0,0,0.0,19,17,89.5,15,4,26.7
redline,73482d57d8d95b8f24345ab5a962a845f0b05f455ce4037a716df4ae2ff275c0,2946,2262,480,181,23,0,1086,176,1679,1182,70.4,56.99,81.81,76.8,2226,75.6,2946,2262,480,181,23,214,161,75.2,447,299,66.9,13,10,76.9,486,465,95.7,454,190,41.9
redline,747ecb7296b0de86e990ff1e83fecc85079e078cf214c778bd2a30be60edfd8e,627,447,175,5,0,0,29,2,593,423,71.33,94.58,71.86,71.3,433,69.1,627,447,175,5,0,181,166,91.7,0,0,0.0,0,0,0.0,334,240,71.9,70,10,14.3
redline,76668462759315c9354b9422e0550cd3befd34b35f79b87578084dbf44e89dd7,241,205,28,8,0,0,115,8,118,94,79.66,48.96,87.98,85.1,205,85.1,241,205,28,8,0,61,57,93.4,19,12,63.2,0,0,0.0,19,17,89.5,15,4,26.7
redline,7917c41177e8899a1c61ad77133af340bd3d66f3a5fd2009d879aa154f5e84a9,234,198,28,8,0,0,115,8,111,86,77.48,47.44,87.61,84.6,198,84.6,234,198,28,8,0,53,49,92.5,19,12,63.2,0,0,0.0,19,17,89.5,15,4,26.7
redline,846615de26ab12a1af3200da2473d24a6c6e00533ef3505183cf316ad274d2fe,532,238,279,15,0,0,137,15,380,105,27.63,71.43,46.03,44.7,361,67.9,532,238,279,15,0,47,43,91.5,16,10,62.5,0,0,0.0,33,32,97.0,276,12,4.3
redline,8595a17bb8d9bd23576c0835dea9c1bb30d9db94a89f0c7c7927a7f98998c123,242,206,28,8,0,0,115,8,119,94,78.99,49.17,88.03,85.1,206,85.1,242,206,28,8,0,61,57,93.4,19,12,63.2,0,0,0.0,19,17,89.5,15,4,26.7
redline,88739c7706fab480d0a3aaa62fe1518b7d6c40df7dd24ea00bed06cf263e5bd7,229,193,28,8,0,0,115,8,106,82,77.36,46.29,87.33,84.3,193,84.3,229,193,28,8,0,50,46,92.0,19,12,63.2,0,0,0.0,18,16,88.9,15,4,26.7
redline,8bfbeb1d5af206f22e7cebfbf339c77962c1c48535035b27ad1e5fc1062489aa,528,229,284,15,0,0,124,15,389,110,28.28,73.67,44.64,43.4,352,66.7,528,229,284,15,0,51,47,92.2,16,10,62.5,0,0,0.0,29,28,96.6,286,18,6.3
redline,8c8b728237b95b8d69e6d136dc695b3590713ee64604a60f768d8224d4f64725,526,232,279,15,0,0,137,15,374,100,26.74,71.1,45.4,44.1,354,67.3,526,232,279,15,0,42,38,90.5,16,10,62.5,0,0,0.0,33,32,97.0,275,12,4.4
redline,936128c4e0afc788605c5adbf90043f44883e4f4adc382da6b081b937b635b5b,219,184,27,8,0,0,115,8,96,72,75.0,43.84,87.2,84.0,184,84.0,219,184,27,8,0,41,37,90.2,19,12,63.2,0,0,0.0,17,15,88.2,15,4,26.7
redline,93735c886f181d6e324bde5828ce65eada30ef259b8606ad28e64baabdce669d,240,205,27,8,0,0,115,8,117,93,79.49,48.75,88.36,85.4,206,85.8,240,205,27,8,0,61,57,93.4,19,12,63.2,0,0,0.0,18,16,88.9,15,4,26.7
redline,9641fb4f77b56c4110bb56faf002b03f021f7acb2b2153ed468f1ab96b5703ed,228,193,27,8,0,0,115,8,105,81,77.14,46.05,87.73,84.6,193,84.6,228,193,27,8,0,49,45,91.8,19,12,63.2,0,0,0.0,18,16,88.9,15,4,26.7
redline,9b4109bdca72c95b887b10d90e4162e50786fe38856f0133f2fddad35c15bcf5,232,198,26,8,0,0,115,8,109,86,78.9,46.98,88.39,85.3,198,85.3,232,198,26,8,0,53,49,92.5,19,13,68.4,0,0,0.0,18,16,88.9,15,4,26.7
redline,9be0387d865bef272b66fe34363fa38f5c4e2be5b6b773526bfc1d14b4791eb9,222,187,28,7,0,0,115,7,100,76,76.0,45.05,86.98,84.2,187,84.2,222,187,28,7,0,45,41,91.1,19,12,63.2,0,0,0.0,17,15,88.2,15,4,26.7
redline,9f24ac1d22db943bfa6394486340ac0a8f56e655b85308b1317e5423489a7ced,263,227,26,10,0,0,116,8,137,113,82.48,52.09,89.72,86.3,227,86.3,263,227,26,10,0,76,73,96.1,19,12,63.2,0,0,0.0,22,20,90.9,15,4,26.7
redline,a0ed11766430f0d6aa62c640dfd7516381fee46b35264f5bb8a48327e592fa82,223,189,27,7,0,0,115,7,101,77,76.24,45.29,87.5,84.8,189,84.8,223,189,27,7,0,45,41,91.1,19,12,63.2,0,0,0.0,18,16,88.9,15,4,26.7
redline,a59f5159b44aa7e6de22213de0875eee977870259853bb8973b7f98cd8aaead6,240,205,27,8,0,0,115,8,117,93,79.49,48.75,88.36,85.4,206,85.8,240,205,27,8,0,61,57,93.4,19,12,63.2,0,0,0.0,18,16,88.9,15,4,26.7
redline,a5acd45c86eb20baf85dfe16dcf019271d0ab2b42bfe02eab4ecb4e06f45a76d,222,188,27,7,0,0,115,7,100,76,76.0,45.05,87.44,84.7,189,85.1,222,188,27,7,0,45,41,91.1,19,12,63.2,0,0,0.0,17,15,88.2,15,4,26.7
redline,a72f3c7ec9299793363db42e489419cfcf38c20d9e730916b9b257485cde96eb,241,206,27,8,0,0,115,8,118,94,79.66,48.96,88.41,85.5,207,85.9,241,206,27,8,0,61,57,93.4,19,12,63.2,0,0,0.0,19,17,89.5,15,4,26.7
redline,a8f54e916ed2d9efb816afad76e1189a829a4317c1e91c4944dfa9fd9e696631,263,226,28,9,0,0,116,8,138,114,82.61,52.47,88.98,85.9,226,85.9,263,226,28,9,0,77,73,94.8,19,12,63.2,0,0,0.0,22,20,90.9,15,4,26.7
redline,acaa807a6fbac7521256116f532d057a15f0b71db869b235576ddf62724158e8,6594,4911,1583,95,5,0,2158,73,4341,3025,69.68,65.83,75.57,74.5,4463,67.7,6594,4911,1583,95,5,901,815,90.5,1271,571,44.9,0,0,0.0,1799,1492,82.9,252,42,16.7
redline,ae0dfbf89886ecefb560bf41dc7132465d564734b136a1f62a06ecc2415f352d,231,195,28,8,0,0,115,8,108,84,77.78,46.75,87.44,84.4,195,84.4,231,195,28,8,0,52,48,92.3,19,12,63.2,0,0,0.0,18,16,88.9,15,4,26.7
redline,ae40c90310290f4703918907fbb5c6ed84dd9f88e8231940d3bc695456741fdd,229,194,27,8,0,0,115,8,106,82,77.36,46.29,87.78,84.7,194,84.7,229,194,27,8,0,50,46,92.0,19,12,63.2,0,0,0.0,18,16,88.9,15,4,26.7
redline,af1f2b1886a7d3cbec3258cc7d409cfdfa12dc98f342b40bb292dd2db423be71,532,237,280,15,0,0,137,15,380,105,27.63,71.43,45.84,44.5,360,67.7,532,237,280,15,0,47,43,91.5,16,10,62.5,0,0,0.0,33,32,97.0,276,12,4.3
redline,af3c6399982b449edcb300b02c8a66921b00bfff63ce94af22c677856ffccede,239,203,28,8,0,0,115,8,116,92,79.31,48.54,87.88,84.9,204,85.4,239,203,28,8,0,61,57,93.4,19,12,63.2,0,0,0.0,17,15,88.2,15,4,26.7
redline,af60086592adfaf5ec65c69085a2688792b0c92a1509e9f27aabdcb20969dbbb,550,228,307,15,0,0,124,15,411,109,26.52,74.73,42.62,41.5,363,66.0,550,228,307,15,0,46,42,91.3,16,10,62.5,0,0,0.0,33,32,97.0,309,18,5.8
redline,afb31fe2fd178ed1468e281933e79957bafa001e875b7008965e26b8d3868898,531,237,279,15,0,0,136,15,380,105,27.63,71.56,45.93,44.6,360,67.8,531,237,279,15,0,46,42,91.3,16,10,62.5,0,0,0.0,34,33,97.1,276,12,4.3
redline,b6d938fc1184448513a173888740c48a77a04b368cb79b720bf83e9b21e9b242,236,202,26,8,0,0,115,8,113,90,79.65,47.88,88.6,85.6,202,85.6,236,202,26,8,0,56,52,92.9,19,13,68.4,0,0,0.0,19,17,89.5,15,4,26.7
redline,babd836631e288a3898e6b871ded792269de5c0014085887296a642d03a14d1d,224,190,27,7,0,0,115,7,102,78,76.47,45.54,87.56,84.8,190,84.8,224,190,27,7,0,45,41,91.1,19,12,63.2,0,0,0.0,19,17,89.5,15,4,26.7
redline,bd89f4b987e4e8cc7525b72546e690d2864966d802fd77bc37e81b52b4516446,222,188,27,7,0,0,115,7,100,76,76.0,45.05,87.44,84.7,188,84.7,222,188,27,7,0,45,41,91.1,19,12,63.2,0,0,0.0,17,15,88.2,15,4,26.7
redline,c1cfacdb58118e9d7766a5621dd7d9b0a6f50db8bd59b6fc694c109ecb001d42,259,224,27,8,0,0,115,8,136,112,82.35,52.51,89.24,86.5,225,86.9,259,224,27,8,0,80,76,95.0,19,12,63.2,0,0,0.0,18,16,88.9,15,4,26.7
redline,c2135daa85b4be7b7e17624ebf3919789052a29d9aef41c86dabed291a283b3b,4001,2949,965,62,25,0,1334,51,2605,1624,62.34,65.11,74.87,73.7,3062,76.5,4001,2949,965,62,25,371,318,85.7,676,254,37.6,13,9,69.2,1053,927,88.0,395,43,10.9
redline,c2bc49b59e5e1db1de343f8bbb545e4810d90ddbf098b3e8fc57b28aa3141b88,246,211,27,8,0,0,115,8,123,99,80.49,50.0,88.66,85.8,211,85.8,246,211,27,8,0,66,62,93.9,19,12,63.2,0,0,0.0,18,16,88.9,15,4,26.7
redline,c47365af2b67ea507a090894f5c199eec789f11c00aa02f5d309c4c200c88f31,225,190,27,8,0,0,115,8,102,78,76.47,45.33,87.56,84.4,190,84.4,225,190,27,8,0,49,45,91.8,19,12,63.2,0,0,0.0,18,16,88.9,15,4,26.7
redline,ca95b945b3d24dc7aaee68840fd86ad7c870bfcebbbf781976608643edf852a9,527,233,279,15,0,0,137,15,375,100,26.67,71.16,45.51,44.2,356,67.6,527,233,279,15,0,42,38,90.5,16,10,62.5,0,0,0.0,33,32,97.0,276,12,4.3
redline,cb0d7efc51da225943743f0055cdf3584ad5d4f3a855150eb0bad8697e579433,239,203,28,8,0,0,115,8,116,92,79.31,48.54,87.88,84.9,204,85.4,239,203,28,8,0,61,57,93.4,19,12,63.2,0,0,0.0,17,15,88.2,15,4,26.7
redline,cb44d697cd120c0f9098e0b9b7faf2f5f67d5f426dfb225db47ee62684e45443,258,223,27,8,0,0,115,8,135,111,82.22,52.33,89.2,86.4,224,86.8,258,223,27,8,0,80,76,95.0,19,12,63.2,0,0,0.0,17,15,88.2,15,4,26.7
redline,cf3230c67aeff72f9430821fac171222d1228921c6b07116d8fc14a976fd7d55,228,193,27,8,0,0,115,8,105,81,77.14,46.05,87.73,84.6,193,84.6,228,193,27,8,0,49,45,91.8,19,12,63.2,0,0,0.0,18,16,88.9,15,4,26.7
redline,cf4fa9c480473d3419eb68f584d29de06dab99400ecfd2557100617ab7490c1d,232,196,28,8,0,0,115,8,109,85,77.98,46.98,87.5,84.5,197,84.9,232,196,28,8,0,53,49,92.5,19,12,63.2,0,0,0.0,18,16,88.9,15,4,26.7
redline,cf5049aaa76c4b36bf8698afc7835ce9feb208eae6437f86c84e3421911ccbec,251,216,27,8,0,0,115,8,128,104,81.25,51.0,88.89,86.1,217,86.5,251,216,27,8,0,72,68,94.4,19,12,63.2,0,0,0.0,18,16,88.9,15,4,26.7
redline,d1760389b88d25a81155092b1e83e5d674a1e11257276bc8fce720fd62320c58,256,221,27,8,0,0,115,8,133,109,81.95,51.95,89.11,86.3,221,86.3,256,221,27,8,0,76,72,94.7,19,12,63.2,0,0,0.0,18,16,88.9,15,4,26.7
redline,d17f52b01a54857a0d5f02499b7bcdf623e73a6bd8a6d0f363edcb77c02f20fe,243,208,27,8,0,0,115,8,120,96,80.0,49.38,88.51,85.6,208,85.6,243,208,27,8,0,61,57,93.4,19,12,63.2,0,0,0.0,20,18,90.0,15,4,26.7
redline,d213d41eec83394b49776b106eed246b7f7b8a460e195355122c2ed15df4de42,220,185,27,8,0,0,115,8,97,73,75.26,44.09,87.26,84.1,186,84.5,220,185,27,8,0,41,37,90.2,19,12,63.2,0,0,0.0,18,16,88.9,15,4,26.7
redline,d4727dba9a619e5039e2f3af4625f32335c28b309881359e6fe61af9c1240809,232,196,28,8,0,0,115,8,109,85,77.98,46.98,87.5,84.5,196,84.5,232,196,28,8,0,53,49,92.5,19,12,63.2,0,0,0.0,18,16,88.9,15,4,26.7
redline,d685952efbbd0aaf4155529b459c57cd3dd1d175419fa85fe4c2a4d7163fde45,1542,1237,280,25,0,0,250,9,1267,1009,79.64,82.17,81.54,80.2,1228,79.6,1542,1237,280,25,0,399,388,97.2,35,26,74.3,0,0,0.0,786,582,74.0,40,7,17.5
redline,d6b8e3a14e9600c7bf74608c1a9502b39fe8997f1e0dc84189a0576d90aadd53,3765,3126,582,34,23,0,1455,32,2276,1679,73.77,60.45,83.78,83.0,3075,81.7,3765,3126,582,34,23,196,130,66.3,513,336,65.5,0,0,0.0,1010,990,98.0,343,36,10.5
redline,d885c60366464c7d4584a206a98c717906c245512c267cfef69de87e0d3bb3f4,519,220,284,15,0,0,124,15,380,101,26.58,73.22,43.65,42.4,343,66.1,519,220,284,15,0,45,41,91.1,16,10,62.5,0,0,0.0,26,25,96.2,286,18,6.3
redline,d8b5a3960f5aef160acf99aa6e004c428bc67265c7e559b2955d81b050f367c5,260,225,27,8,0,0,115,8,137,113,82.48,52.69,89.29,86.5,225,86.5,260,225,27,8,0,80,76,95.0,19,12,63.2,0,0,0.0,18,16,88.9,15,4,26.7
redline,da8fcde10abb4d4a5fcf819e839811667795a72a48b07dad24d68f92eca2991e,228,193,27,8,0,0,115,8,105,81,77.14,46.05,87.73,84.6,193,84.6,228,193,27,8,0,49,45,91.8,19,12,63.2,0,0,0.0,18,16,88.9,15,4,26.7
redline,dc9800714729a51a4d877748ad4b6a689db0603e0a21b389270b02fc0afede56,227,192,27,8,0,0,115,8,104,80,76.92,45.81,87.67,84.6,192,84.6,227,192,27,8,0,48,44,91.7,19,12,63.2,0,0,0.0,18,16,88.9,15,4,26.7
redline,de8f7c869fc3ae5c5ceeb9b472b002c0e56bd3dfc933339920ecb94a2fa338f3,262,227,27,8,0,0,115,8,139,115,82.73,53.05,89.37,86.6,227,86.6,262,227,27,8,0,80,76,95.0,19,12,63.2,0,0,0.0,20,18,90.0,15,4,26.7
redline,defc8629ec568833c618b6fe81ac45ff7908bb553b2811850a2e7f2e60b446b8,234,199,27,8,0,0,115,8,111,87,78.38,47.44,88.05,85.0,199,85.0,234,199,27,8,0,55,51,92.7,19,12,63.2,0,0,0.0,18,16,88.9,15,4,26.7
redline,df9fcdd73be0b7d20ed5f288257dcf342a789907894ee66c77fc0e0928fe9d52,268,229,28,11,0,0,116,8,141,116,82.27,52.61,89.11,85.4,229,85.4,268,229,28,11,0,77,73,94.8,19,12,63.2,0,0,0.0,25,23,92.0,15,4,26.7
redline,e166bdcfe26090d11b0481f8712af12f17d6ee6c8320464d672e44178a78585c,580,230,335,15,0,0,119,15,446,115,25.78,76.9,40.71,39.7,373,64.3,580,230,335,15,0,57,53,93.0,16,10,62.5,0,0,0.0,27,27,100.0,339,18,5.3
redline,e42ad0e70feca06dc6ef1b8f01c86c3e9d594a879af18ee6519b90092b240412,267,230,27,10,0,0,116,8,141,117,82.98,52.81,89.49,86.1,230,86.1,267,230,27,10,0,80,76,95.0,19,12,63.2,0,0,0.0,22,20,90.9,15,4,26.7
redline,eced7d49892ae24499f3838dea71e76eaeb9e357631a050a95ce4366b20c1759,224,188,28,8,0,0,115,8,101,77,76.24,45.09,87.04,83.9,189,84.4,224,188,28,8,0,45,41,91.1,19,12,63.2,0,0,0.0,18,16,88.9,15,4,26.7
redline,f0caa5f0ebfec42a5dfcb413e807494783cba4ef35bc8497ba8aae25cc3dedcc,262,227,27,8,0,0,115,8,139,115,82.73,53.05,89.37,86.6,227,86.6,262,227,27,8,0,80,76,95.0,19,12,63.2,0,0,0.0,20,18,90.0,15,4,26.7
redline,f2c5ddc3419a950c3982431685406152d0462ff8e6e44eac77ba23a76ddc8193,580,233,332,15,0,0,137,15,428,100,23.36,73.79,41.24,40.2,376,64.8,580,233,332,15,0,42,38,90.5,16,10,62.5,0,0,0.0,33,32,97.0,329,12,3.6
redline,f34b0e06956462e632fb7d04bd860e728f91663cc9b96bfa5aca793010660883,580,233,332,15,0,0,136,15,429,101,23.54,73.97,41.24,40.2,376,64.8,580,233,332,15,0,42,38,90.5,16,10,62.5,0,0,0.0,34,33,97.1,329,12,3.6
redline,fa6c52d3367a4db4f2cb6dc8d3dc9d548289adb065a601bf33905706b8297aba,227,192,27,8,0,0,115,8,104,80,76.92,45.81,87.67,84.6,192,84.6,227,192,27,8,0,48,44,91.7,19,12,63.2,0,0,0.0,18,16,88.9,15,4,26.7
redline,fc3a86bffbf5f77312ebabc81f19765b3f42edc3f7f8e59541d1f88163e59152,240,205,27,8,0,0,115,8,117,93,79.49,48.75,88.36,85.4,205,85.4,240,205,27,8,0,61,57,93.4,19,12,63.2,0,0,0.0,18,16,88.9,15,4,26.7
